{"type":"Topology","transform":{"scale":[0.00040993056136534665,0.0003657629982336228],"translate":[115.8508,23.5492]},"arcs":[[[8308,10603],[0,-60],[54,-75],[-81,-60],[0,-105],[-80,-15],[-27,-136],[107,-75],[27,0],[54,-60],[-81,-30],[-80,75],[-27,-60],[-53,0],[0,-105],[53,-15],[-27,-45],[0,-45],[27,-15],[0,-30],[-80,-15],[-27,-45],[-54,-15],[-26,-30],[26,-45],[-26,-15],[-81,90],[0,30],[-80,0],[-27,30],[0,-15],[-134,-15],[-27,30],[27,60],[-27,45],[-27,45],[-26,15],[0,-15],[-27,-30],[27,-60],[-27,-60],[0,-15],[-54,30],[-53,-60],[-54,-180],[-80,-15],[-27,-91],[-107,-45],[0,-45],[-54,-30],[-80,45],[-54,-30],[-54,-15],[-26,-30],[53,-75],[-27,-90],[-160,-75],[26,-120],[-26,-30],[-81,-210],[-27,-15],[27,-136],[-27,-120],[0,-90],[54,-15],[-27,-75],[27,15],[27,-15],[-54,-135],[0,-75],[-27,30],[-53,-60],[-27,-60],[0,-91],[0,-74],[27,0],[53,-31],[81,0],[107,-75],[27,-15],[-54,-45],[27,-75]],[[6861,7494],[27,-90]],[[6888,7404],[-81,0],[-53,105],[-81,60],[-27,0],[-53,45],[-54,0],[-53,60],[-27,30],[-80,-60],[-27,0],[-54,30],[0,61],[0,45],[54,-30],[0,44],[-27,-14],[-27,14],[-107,-14],[-54,29],[-26,-15],[-27,46],[-27,-16],[0,61],[-54,-15],[-80,-46],[-27,0],[-27,-44],[-80,29],[-27,-29],[-53,-30],[-54,15],[0,-30],[-27,0],[-107,45],[-27,-30],[-27,15],[0,29],[0,46],[-53,30],[-27,75],[0,45],[-54,-30],[-26,30],[26,45],[27,15],[0,30],[-107,15],[0,60],[-54,15],[-26,75],[-54,30],[-80,-45],[-54,30],[-54,-30],[0,75],[-27,45],[-26,90],[26,45],[-26,75],[-54,-30],[-134,0],[-161,-30],[-53,-60],[-54,15],[-27,45],[-26,0],[0,45],[-54,15],[-54,61],[27,59],[27,0],[54,46],[26,75],[54,30],[-27,30],[27,30],[-107,105],[-27,90],[-27,0],[-27,45],[-26,105],[-54,-15],[-27,30],[-27,-30],[-27,15],[-53,-15],[0,60],[53,45],[-26,75],[26,15],[0,31],[-107,30],[-80,-30],[-27,150],[-27,15],[-26,-60],[-27,30],[-27,30],[0,30],[-27,15],[-27,45],[-80,0],[-107,75],[-54,0],[-27,-45],[27,15],[27,-15],[-27,-45],[0,-90],[-80,-75],[0,30],[-108,45],[-53,105],[-54,30],[-80,-45],[-54,45],[-26,-30],[-54,0],[0,30],[-54,-15]],[[2921,9717],[0,90],[0,45],[81,75],[53,75],[27,0],[80,90],[54,135],[0,30],[-80,0],[0,61],[-54,15],[-27,30],[0,105],[54,90],[27,90],[-54,45],[0,45],[-27,15],[27,15],[-27,75],[0,60],[-53,75],[-54,-60],[-107,45],[27,61],[0,30],[-27,29],[-27,61],[0,30],[54,15],[0,45],[27,30],[53,0],[81,-120],[26,15],[27,60],[-27,45],[27,45],[54,15],[80,-30],[54,15],[26,-15],[0,105],[108,0],[27,30],[26,0],[27,60],[0,45],[54,0],[0,180],[-54,60],[0,30],[107,76],[27,-31],[0,-60],[27,-15],[53,75],[108,31],[107,120],[54,-15],[80,60],[0,60],[27,15],[80,-45],[27,-15],[0,-60],[54,-31],[0,-44],[26,-60],[27,-61],[134,-60],[54,-60],[53,30],[27,-45],[54,-45],[107,150],[0,30],[0,76],[187,135],[27,-15],[81,30],[80,60],[54,-30],[53,30],[27,45],[27,-15],[80,15],[27,-15],[27,0],[54,-45],[26,0],[0,105],[27,30],[54,0],[0,60],[27,45],[53,30],[107,-30],[54,15],[53,45],[27,-15],[134,60],[108,0],[0,90],[26,15],[-26,60],[53,31],[0,59],[-80,30],[-81,76],[215,150],[80,30],[0,-30],[54,-45],[-27,-30],[54,-15],[26,15],[27,-30],[27,30],[-27,45],[27,30],[54,-30],[53,15],[27,30],[80,0],[27,-30],[0,-45],[54,0],[53,45],[81,0],[53,105],[54,0],[27,-30],[0,-45],[53,-90],[108,-30],[27,-30],[0,-60],[-81,-46],[-27,-60],[0,-14],[54,29],[27,-15],[27,-29],[0,-106],[-54,-30],[-27,0],[-27,-45],[-53,0],[-54,-60],[0,-60],[27,-45],[0,-45],[0,-120],[53,-75],[108,-30],[0,-30],[53,-15],[0,-60],[27,-15],[0,-31],[27,-45],[-27,-45],[54,-90],[0,-120],[53,-90],[54,-60],[-54,-30],[0,-30],[81,-135],[0,-60],[26,0],[-26,-75],[0,-76],[-27,-105],[-81,0],[0,-15],[27,-15],[81,-135],[26,-15],[54,0],[54,-30],[0,45],[0,30],[53,0],[27,30],[80,15],[54,-45],[107,-30],[81,45],[26,-45],[-26,-75],[53,-30],[81,0],[26,-15],[108,-15],[53,30]],[[6888,7404],[0,-15],[-54,-90],[-80,-15],[-27,-45],[-54,0],[-27,-30],[0,-90],[0,-30],[54,-15],[-27,-121],[27,-59],[-107,-31],[-107,-15],[0,-45],[27,-45],[-27,-75],[27,-120],[-27,-135],[-27,-15],[-54,15],[0,-75],[-53,-15],[0,90],[-54,45],[-54,-75]],[[6244,6398],[-53,30],[-27,0],[-27,30],[-80,-15],[-27,15],[-27,45],[-107,-15],[27,-15],[-27,-45],[0,15],[-80,-60],[-54,30],[-53,-30],[-27,0],[-27,60],[-27,15],[-27,-30],[-160,-30],[0,-15],[0,-90],[-27,-30],[-107,60],[-27,0],[0,-75],[0,-45],[0,-91],[-27,-45],[-54,-45],[27,-75],[27,-15],[27,-30],[-54,-60],[-80,0],[-54,-75],[27,-15],[27,-30],[27,0],[53,-75],[107,30],[27,-60],[-27,-90],[-160,-120],[-27,0],[-81,-45],[-80,-30],[-134,-15],[-27,59],[-80,-14],[0,-91],[-134,120],[-54,-29]],[[4556,5362],[-80,14],[26,106],[27,15],[54,-30],[27,45],[27,45],[-27,30],[-54,0],[-27,45],[-134,165],[-26,0],[-81,-45],[-53,105],[-81,45],[-54,45],[-107,-45],[-53,15],[-27,-30],[-27,-90],[-107,-45],[-27,30],[27,45],[0,75],[0,30],[-54,15],[0,60],[0,15],[0,75],[-53,15],[-27,-30],[0,-60],[-27,0],[-53,-30],[-54,0],[-54,-30],[-26,-75],[-27,-30],[27,-30],[53,0],[27,-30],[-54,-15],[-80,-75],[0,-60],[-54,-45],[27,-30],[-27,-60],[-107,-15],[-27,30],[27,45],[-27,75],[-27,0],[-53,90],[-54,30],[-53,-15],[0,60],[-27,30],[27,135],[-27,75],[-27,0],[0,45],[-53,76],[0,30],[-27,0],[-27,105],[-54,0],[-107,-60],[-27,45],[-53,15],[-27,-30],[-54,-60],[-26,-30],[0,-45],[-54,-16],[-27,-15],[-80,0],[-54,61],[27,135],[-54,-15],[-26,-15],[-27,15],[-27,45],[27,90],[-81,0],[-26,45],[-54,0],[0,30],[-27,15],[0,30],[-54,-15],[0,60],[-26,30],[26,75],[-26,30],[-27,0],[0,-60],[-27,-15],[-80,30],[0,-45],[-134,60],[-27,-45],[-81,-45],[-26,30],[0,90],[-81,15],[-107,45]],[[1340,6788],[0,45],[188,150],[26,46],[-26,120],[0,30],[-108,-45],[-26,30],[-54,15],[0,90],[27,30],[-80,45],[53,105],[54,30],[80,150],[107,60],[0,30],[54,75],[80,0],[27,-29],[-27,-30],[54,-16],[0,-15],[54,15],[26,46],[0,90],[27,60],[54,60],[0,30],[-107,15],[0,30],[-27,15],[-27,90],[-80,75],[0,30],[53,15],[-27,30],[27,105],[27,60],[0,15],[-27,-30],[-27,15],[0,15],[-80,90],[0,61],[-27,15],[134,135],[-53,120],[26,90],[27,60],[27,0],[80,75],[27,90],[80,60],[0,45],[54,15],[54,60],[107,15],[27,-45],[27,61],[53,0],[107,60],[27,-30],[54,0],[80,75],[54,0],[53,-60],[54,105],[134,90],[27,0],[53,45]],[[4556,5362],[0,-45],[0,-31],[-54,-90],[0,-75],[-26,-60],[26,-90],[-26,-30],[0,-75],[-27,-30],[-107,-15],[-81,-75],[0,-45],[54,-75],[-80,-76],[-27,-59]],[[4208,4491],[-27,0],[0,-30],[-81,0],[-53,-46],[-54,31],[-53,-91],[27,-45],[107,-30],[26,-30],[-53,-45],[0,-105],[-27,-60],[0,-165],[-27,-30],[-26,30],[-81,-15],[-53,45],[-27,-30],[-108,30],[-26,45],[-54,0],[-53,-60],[-81,75],[-53,-90],[-81,-15],[54,-15],[27,-30],[-54,-30],[0,-60],[-27,-15],[-54,30],[-26,-61],[26,-45],[-26,0],[-54,-29],[0,-106],[-54,-90],[0,-15],[-80,-30],[-27,30],[-53,-15],[-27,15],[0,105],[-27,0],[-27,-15],[0,-75],[-26,-30],[-27,-45],[0,-15],[-27,-165],[54,-30],[0,-60],[26,-60],[-26,-60],[-54,0],[27,-75],[-27,-31],[0,-90],[-27,-30],[-54,15],[-80,0],[-80,-75],[0,-60],[53,-90],[27,-105],[-27,-30],[0,-45],[-26,-45],[-54,0],[0,-45]],[[2573,2238],[-54,75],[-26,0],[-27,75],[-27,15],[-27,30],[27,45],[27,15],[-27,45],[-54,45],[-27,-15],[-53,30],[-27,90],[-80,45],[53,90],[27,0],[0,46],[27,60],[0,45],[53,30],[-26,75],[-81,15],[-53,-75],[-27,45],[-80,-15],[-27,-15],[-81,0],[-80,-45],[-80,30],[-54,-90],[-107,-45],[-54,45],[27,90],[-27,30],[-27,90],[-27,60],[-80,-15],[-27,45],[-53,30],[0,90],[-27,15],[-27,60],[-53,0],[0,60],[107,45],[-81,45],[0,60],[-53,-15],[-54,-30],[0,-90],[-27,-15],[-27,15],[-53,-75],[-134,-30],[-27,30],[27,75],[-54,0],[0,30],[-53,45],[-27,75],[-107,-105],[-108,30],[-80,-15],[-80,60],[-27,75],[-27,16],[-53,-31],[-27,15],[0,46],[-54,-15],[-54,30],[-80,0],[0,30],[-27,-15],[-26,60],[-27,30],[0,30],[80,-15],[0,30],[-53,45],[-27,75],[134,75],[-27,45],[0,15],[-27,45],[-53,0],[0,30],[-27,45],[0,15],[27,15],[0,30],[-27,30],[-27,0],[0,45],[-27,31],[27,89],[27,31],[53,0],[27,30],[54,15],[53,90],[0,60],[81,0],[80,75],[-53,135],[26,75],[0,45],[27,15],[27,45],[-80,60],[0,15],[53,60],[27,76],[27,0],[0,90],[53,15],[0,30],[0,30],[0,60],[-53,75],[80,45],[-27,60],[0,75],[27,15],[0,30],[27,-15],[53,15],[0,60],[81,90],[53,15],[27,-45],[27,15],[0,75],[-54,61],[0,15],[-80,75],[27,60],[134,120],[80,30],[81,-30],[26,30],[81,30],[53,90],[108,15],[-27,105],[54,75],[53,