{"type":"Topology","transform":{"scale":[0.0008861282300789274,0.00067819463846205],"translate":[92.3181,32.5964]},"arcs":[[[8108,10716],[-74,32],[-74,-24],[-112,0],[-37,-16],[-62,-73],[-50,-16],[-173,48],[-37,-73],[-50,-16],[-13,-137],[-12,-17],[-62,8],[-25,-32],[-12,-40],[37,-41],[87,-8],[111,40],[112,-153],[112,-81],[49,-73],[75,-16],[-25,-211],[-50,-16],[-74,-106],[-62,90],[-50,-9],[-12,41],[-62,-16],[-37,105],[-186,49],[-87,56],[-74,81],[-38,-8],[-86,33],[-124,81],[-75,-17],[0,57],[-37,0],[12,33],[0,137]],[[6831,10408],[50,89],[-62,65],[-12,32],[148,81],[13,9],[-13,32],[25,16],[25,24],[-12,33],[-38,16],[13,41],[-25,24],[-37,-24],[-50,24],[-99,-16],[-37,32],[-223,-16],[-13,-24],[-49,-9],[-13,-32],[25,-16],[-50,-49],[50,-73],[-50,-32],[-37,-73],[-111,-40],[-25,-33]],[[6224,10489],[-37,-113],[-298,-25],[0,-80],[-49,-65],[-13,-81],[62,-33],[13,-48],[-25,-57],[12,-57],[25,-8],[25,-48],[-149,-106],[-74,-105]],[[5716,9663],[-13,0],[-25,32],[-49,-16],[-124,57],[-25,-16],[-174,32],[-12,-16],[-50,0],[50,-81],[-37,-57],[-25,-89],[50,-57],[-25,-16],[12,-73],[-12,-8],[25,-16],[-38,-32],[-12,-41],[37,-40],[0,-49],[-12,-8],[12,-24],[13,-65],[49,-41],[-25,-89],[75,-32],[-25,-41],[25,-81],[-112,-64],[-62,8],[-111,56],[-13,-56],[-37,8],[-12,-25],[24,-56],[-24,-25],[-62,17],[-37,-25],[0,-16],[37,-32],[0,-49],[-87,-105],[37,-81],[-12,-33],[25,-56],[-13,-25],[-297,73],[-87,-48],[-25,-49],[25,-56],[-62,-33],[-62,40],[0,-40],[-99,40],[-87,9],[-124,105],[-13,40],[-62,17],[-37,97],[-49,8],[-13,24],[-99,41],[-87,-49],[-74,-8],[-112,-81],[-148,32],[-87,-16],[-75,57],[-12,57],[-37,32],[-62,32],[-161,25],[-87,0],[-62,-57],[-236,8],[-124,-57],[-25,17],[0,97],[-62,162],[-24,97],[-25,57],[-50,146],[-25,16],[-161,8],[-285,-33],[-87,17],[-99,81],[0,48],[124,25],[13,56],[-100,16],[-86,73],[-310,0],[-199,-24],[-124,49],[-12,16],[37,162],[-74,97],[12,89],[-12,16],[-162,-40],[-24,24],[-37,8],[-75,-40],[-359,-25],[-50,17],[-25,-98],[-62,-8],[-25,-32],[-24,57],[-38,24],[13,65],[-25,89],[12,89],[236,202],[62,73],[99,219],[75,267],[99,519],[161,307],[25,373],[657,89],[285,8],[74,186],[-12,146],[50,41],[148,251],[261,291],[359,308],[236,33],[198,218],[236,130],[62,-89],[49,-162],[38,-57],[37,114],[86,97],[137,105],[111,49],[211,24],[211,121],[99,98],[0,89],[-62,137],[161,179],[-198,81],[12,137],[-62,25],[0,32],[75,146],[37,65],[335,186],[396,48],[261,-8],[211,57],[768,-1677],[-161,-137],[-223,-138],[0,-57],[322,-291],[199,-130],[74,-105],[223,-186],[99,-41],[0,-607],[323,235],[-75,97],[13,16],[111,16],[38,-129],[111,-98],[0,114],[186,170],[13,0],[86,-170],[50,0],[62,56],[37,17],[0,178],[124,-49],[62,16],[496,251],[124,0],[74,-24],[87,-73],[149,-235],[37,-64],[25,-162],[-99,-154],[12,-162],[-12,-219],[-211,-194],[-50,-154],[-37,-25],[-62,17],[-49,-17],[-162,-97],[-124,-105]],[[6224,10489],[124,-24],[74,-89],[137,32],[37,65],[37,8],[12,-16],[75,0],[111,-57]],[[8108,10716],[224,8],[136,-57],[124,-81],[124,-24],[99,-81],[136,-32],[75,-114],[-13,-48],[25,-98],[137,-32],[62,-57],[12,-40],[112,-16],[223,16],[37,-308],[25,-32],[12,-89],[-37,-25],[0,-137],[25,-8],[62,56],[25,0],[24,-73],[0,-89],[174,49],[111,73],[-24,-122],[49,-48],[0,-73],[112,-16],[0,-33],[-37,-32],[12,-33],[87,-16],[186,-81],[62,-89],[62,49],[124,-41]],[[10675,8942],[-37,-97],[-186,-186],[-13,-49],[-62,-65],[-49,16],[-62,-24],[74,-186],[50,-49],[-75,-89],[-49,-162],[24,-24],[62,40],[149,-8],[25,41],[50,-33],[24,41],[38,0],[86,-41],[38,49],[37,0],[74,-32],[62,24],[37,-97],[62,8]],[[11034,8019],[25,-33],[50,-16],[12,-24],[-161,-81],[112,-24],[49,-106],[50,-8],[-62,-40],[0,-41],[-37,-16],[-75,-122],[13,-80],[-13,-33]],[[10997,7395],[-49,0],[0,49],[-62,64],[-62,41],[-38,-16],[-49,-81],[-62,-16],[-13,81],[-148,40],[12,41],[-74,105],[-149,81],[-99,-81],[-13,-57],[-86,73],[-100,24],[-86,138],[-38,0],[-111,97],[-99,-16],[12,49],[-12,40],[37,49],[0,57],[12,56],[-12,16],[-87,-40],[-74,97],[-75,57],[-99,16],[-25,-32],[-62,8],[-74,56],[-25,-32],[-25,8],[0,49],[-49,-9],[-75,41],[0,24],[-25,65],[-49,0],[-13,81],[-136,81],[-99,24],[-37,-56],[49,-65],[50,-32],[25,-81],[62,-49],[-13,-41],[25,-97],[-25,-16],[-37,24],[-50,73],[-297,130],[-50,57],[-136,40],[0,57],[-74,32],[-75,81],[-12,89],[-62,-8],[-25,16],[-25,81],[-37,8],[-37,90],[-186,113],[-137,130],[50,72],[-12,8],[-38,0],[-24,33],[-124,24],[-50,65],[-74,32],[-13,41],[-74,0],[-87,-138],[-49,-16],[0,-49],[-38,-32],[-173,57],[0,40],[-37,0],[-25,57],[-99,8],[-25,-97],[-37,-73],[12,-57],[-174,-146],[-99,106],[-111,32],[-112,81],[-136,49],[-13,56],[-210,114],[-38,56],[-37,0],[-49,41]],[[11766,4277],[87,-57],[49,-65],[25,-8],[25,32],[49,-40],[13,-73],[-13,-113],[13,-33],[49,41],[87,-16],[25,-49],[62,-24],[112,16],[24,-16],[-12,-8],[25,-57],[87,-57],[136,-16],[12,32],[124,-73],[100,-89],[37,-64],[0,-49],[24,-32],[13,8],[0,73],[62,-65],[12,40]],[[12993,3515],[37,8],[50,-24],[25,-16],[0,-24],[74,-41],[25,-24],[0,-33],[-50,-48],[-12,-81],[50,-41],[12,-24],[-50,-24],[-111,24],[-50,-49],[37,-40],[-37,-122],[13,-32],[-13,-40],[-74,-25],[49,-81],[13,-73],[-25,-48],[-62,-57],[-12,-49],[-37,-8],[0,-48],[49,0],[37,-33],[50,25],[62,-25],[74,-121],[50,-16],[49,-73]],[[13216,2252],[0,-89],[38,-33],[24,-40],[298,-235],[62,-8],[62,-105],[74,-33],[13,-16],[-50,-81],[13,-24],[0,-41],[37,-16],[0,-41],[49,-56],[13,-81],[111,-73],[25,-81],[-12,-41],[25,-32],[0,-33],[49,-24],[-12,-24],[-100,-8],[-24,-33],[0,-64],[-75,-25],[-49,25],[0,56],[-37,106],[-13,-25],[-62,-8]],[[13675,1069],[-74,41],[-87,-25],[-25,89],[-49,17],[-13,56],[-37,41],[-37,105],[25,49],[0,40],[-87,106],[-62,24],[-87,-24],[-112,16],[-111,-41],[-74,49],[-38,-16],[-49,40],[-37,8],[-50,-56],[-25,8],[25,81],[-25,113],[-62,-16],[-37,-81],[-112,0],[-124,73],[-74,24],[0,81],[25,65],[-25,32],[-37,0],[0,57],[37,49],[-12,48],[-38,8],[13,41],[49,16],[-49,48],[-13,90],[-74,32],[-25,-24],[-49,24],[0,57],[-38,81],[-49,32],[-37,0],[-13,-8],[-12,-48],[-62,0],[-25,-49],[-50,0],[-49,-65],[-99,-57],[37,-65],[37,0],[-12,-56],[-50,40],[-161,-40],[-37,16],[-37,-97],[-13,-65],[-74,16],[-13,-16],[13,8],[-25,24],[-12,-24],[-25,16],[-13,-32],[-12,24],[-25,-32],[-37,-8],[-13,-49],[75,-89],[25,-57],[-37,-56],[62,-8],[24,-33],[0,-24],[-37,-16],[13,-33],[49,33],[-25,-89],[25,-81],[124,-65],[25,-41],[0,-24],[-25,-8],[12,-16],[0,-49],[25,-24],[-37,0],[25,-16],[-25,0],[-62,-73],[-25,16],[0,-33],[-25,25],[-37,-16],[-49,24],[-62,-97],[-99,-25],[0,-32],[-25,-16],[0,-57],[-25,-49],[-74,57],[-25,-16],[0,-49],[-50,25],[0,-65],[-99,-130],[-50,25],[25,89],[-12,40],[-37,33],[37,89],[49,32],[13,97],[37,41],[0,24],[25,16],[-25,17],[12,32],[-37,24],[13,97],[-124,98],[0,-98],[-38,-8],[-37,-73],[-87,8],[-24,-16],[-13,33],[-12,154],[-25,32],[-12,49],[-25,-9],[-13,33],[-49,16],[-75,-24],[-12,-41],[-50,-16],[-111,24],[-62,33],[-62,-41],[-13,89],[25,41],[13,57],[-50,64],[0,25],[-112,32],[-37,49],[-24,-8],[-112,202],[-25,16],[-12,57],[-62,105],[-50,41],[50,97],[0,57],[12,56],[62,25],[25,48],[50,16],[49,-8],[74,-81],[112,17],[37,-49],[50,16],[12,-24],[25,0],[13,-25],[49,-16],[12,-24],[174,-49],[12,-32],[50,24],[25,-32],[74,-16],[37,-49],[-12,-8],[12,-24],[38,-24],[24,7],[0,-40],[13,24],[37,-56],[37,16],[37,73],[25,8],[0,32],[124,-64],[25,105],[37,-16],[37,32],[-24,49],[49,8],[0,97],[87,-32],[49,113],[50,-8],[37,24],[-99,138],[-12,73],[-87,48],[-112,16],[-37,49],[-12,8],[-13,89],[-24,97],[24,195],[-12,40],[74,41],[87,-16],[-12,40],[49,105],[38,41],[37,0],[12,24],[50,8],[0,33],[74,0],[37,105],[25,16],[12,33],[25,0],[38,24],[-25,89],[-38,8],[0,49],[-74,32],[37,65],[-37,40],[0,25],[25,64],[124,-32],[37,41],[12,16],[-24,24],[74,122],[0,56],[112,-73],[111,-16],[50,-40]],[[13006,7436],[-62,-81],[-38,-73],[0,-33],[25,-40],[-12,-89],[-37,-49],[86,-113],[-24,-41],[-38,-8],[-24,-57],[-62,-64],[-50,-122],[0,-57],[-49,-32],[12,-97],[-12,8]],[[12721,6488],[-62,32],[12,-48],[-12,-8],[-124,48],[-124,-32],[0,-24],[0,-17],[37,0],[12,-73],[62,33],[62,8],[149,-97]],[[12733,6310],[0,-25]],[[12733,6285],[-149,17],[-87,-41],[-49,105],[-37,-8],[-13,57],[-74,65],[37,56],[-12,9],[-62,-49],[24,-32],[0,-57],[-86,16],[-13,-24],