{"type":"Topology","transform":{"scale":[0.0007146664199130192,0.0006576681938750903],"translate":[109.63260000000001,20.061]},"arcs":[[[4704,7400],[31,-100],[-77,-58],[-31,-142],[-46,-25],[15,-84],[-61,-58],[15,-25],[92,-17],[47,-75],[92,-101],[46,-8],[31,42],[61,-34],[31,25],[46,-16],[62,42],[30,-67],[46,-17],[123,33],[77,-33],[62,50],[46,-17],[31,51],[61,0],[123,-67],[15,-42],[-15,-25],[31,-17],[31,0],[46,42],[15,-33],[62,-26],[15,-75],[46,-33],[-15,-92],[46,-25],[61,-84],[-77,-58],[0,-33],[-30,-25],[0,-51],[-16,-41],[-30,-17],[-31,-42],[-46,9],[-31,-67],[61,-50],[47,-84]],[[5842,5830],[-31,0],[-46,-67],[-62,9],[0,-59],[-107,-17],[-16,-41],[16,-117],[-47,-59],[-61,42],[-92,-17],[-77,59],[-92,17],[0,-34],[-62,-100],[-46,0],[0,-42],[-138,-75],[15,-33],[-15,-42],[-323,-92]],[[4658,5162],[-92,67],[-16,33],[46,34],[-15,33],[-15,-17],[-77,25],[-16,-33]],[[4473,5304],[-46,0],[0,50],[-61,42],[46,58],[0,25],[-92,42],[15,92],[-46,17],[15,66],[-77,9],[62,142],[-31,50],[-107,8],[-47,50],[-76,0],[15,59],[-46,142],[-77,33],[31,151],[-16,75],[-30,17],[-93,133],[-30,-17],[-93,50],[-15,-8],[0,-217],[-61,-17],[0,-25],[-62,-67],[-123,117],[-46,-16],[-15,-92],[-47,0],[-61,75],[-31,0]],[[3228,6348],[16,42],[46,-9],[15,25],[46,34],[46,67],[0,50],[-46,100],[-61,50],[30,50],[0,42],[-46,67],[-46,25],[-15,67],[31,33],[-16,50],[31,42],[92,33],[16,51],[92,83],[92,50],[0,92],[-61,50],[0,42],[46,67],[-16,41],[62,201],[46,17],[46,-50],[61,-9],[77,50],[62,-75],[61,67],[31,-50],[92,-34],[185,0],[92,-108],[-31,-67],[46,-8],[0,-76],[62,-33],[0,-67],[123,0],[46,34],[123,16]],[[6549,6866],[-31,-59],[-31,-8],[62,-75],[-93,-100],[0,-76],[62,-25],[-46,-133],[31,-75],[30,-17],[-15,-42],[61,-75],[16,25],[107,0],[62,-50],[31,17],[-31,33],[0,42],[123,92],[46,-9],[15,-75],[-46,-33],[-15,-34],[-31,-25],[-31,-17],[-30,17],[-16,-42],[-107,-91],[-31,-134],[-46,-75]],[[6595,5822],[-16,17],[-92,-9],[-31,33],[0,42],[-61,0],[-31,25],[-31,-33],[-76,-25],[-62,17],[-31,-26]],[[6164,5863],[-61,17],[-138,-25],[-16,25],[-107,-50]],[[4704,7400],[0,42],[-62,75],[93,117],[-62,84],[0,50],[77,50],[-46,75],[-123,-25],[-62,17],[-15,133],[31,-16],[31,25],[15,-59],[31,0],[30,59],[108,17],[46,50],[31,-9],[31,59],[30,-9],[16,117],[77,-16],[61,50],[77,-17],[0,25],[31,-33],[0,-76],[61,-8],[16,-50],[77,-17],[30,-50],[77,17],[31,-25],[31,42],[15,-42],[31,-25],[15,-42],[231,75],[30,-50],[62,8],[31,42],[61,50],[0,59],[108,25],[61,-9],[-30,-58],[46,-33],[30,16],[-15,-25],[31,-41],[-46,-109],[15,-42],[138,92],[62,0],[31,-25],[107,17],[46,-25],[16,58],[107,-8],[62,33],[0,50],[61,-8],[93,67],[46,-50],[15,8],[0,-25],[61,-75],[93,0],[61,-67],[0,-59],[-46,-33],[-31,-67],[46,-25],[16,-58],[-77,-17],[0,-25],[-46,-25],[-77,-8],[-31,25],[-30,-101],[-31,9],[-31,-42],[-46,0],[-92,-75],[-16,-67],[16,-34],[-77,-108],[0,-50],[-16,-42],[-61,-33],[-15,-42],[-139,-42],[31,-33],[31,0],[92,-42],[31,-75]],[[1061,2781],[0,-50],[-31,17],[-46,-67],[0,-25],[46,-17],[-15,-150],[30,-33],[46,8],[-46,-33],[46,-67],[0,-42],[16,8],[15,-16],[-15,-34],[77,-16],[0,-51],[30,-8],[31,-42],[31,-16],[31,66],[76,-50],[47,25],[30,-16],[0,50],[31,-9],[46,34],[0,50],[16,25],[-16,50],[62,42],[30,-33],[0,-59],[31,-17],[0,-41],[46,-42],[-15,-50],[46,8],[15,-84],[16,-16],[77,25],[184,-134]],[[2029,1971],[-446,-33],[-107,-117],[-31,-100],[0,-101],[-31,-167],[92,-208],[-30,-42],[-62,-25],[-169,17],[-61,41],[-16,-117],[-46,-92],[77,-66],[154,-326],[30,-142],[-30,-134],[15,-75],[-353,-184],[-754,-100],[0,84],[77,150],[-15,159],[-77,175],[-15,75],[-93,84],[-61,142],[-77,392],[31,234],[-16,151],[139,175],[15,58],[0,126],[46,58],[0,109],[-46,108],[-15,92],[30,75],[31,-50],[154,25],[46,126],[15,167],[77,58],[92,-42],[47,42],[15,-25],[15,50],[31,-17],[92,9],[46,-25],[62,25],[15,33],[46,-42],[93,0]],[[8286,6966],[46,-33],[31,8],[92,-42],[15,-83],[62,0],[153,33],[-107,159],[61,33],[-46,25],[-30,67],[92,234],[107,-50],[-15,100],[123,-33],[31,-34],[61,9],[46,-76],[46,9],[62,-17],[61,50],[47,-67],[30,-8],[-15,-33],[15,-26],[77,17],[46,42],[0,-8],[16,16],[0,42],[76,25],[-15,-33],[46,-25],[-61,-25],[0,-34],[15,0],[46,-50],[0,-42],[46,-41],[46,8],[47,-109],[-16,-41],[16,-17],[61,17],[46,50],[46,-17],[46,25],[108,17],[15,-25],[31,33],[46,0],[16,-42],[-93,-142],[62,-83],[77,-25],[15,-25],[-31,-34],[16,-25],[92,-92],[0,-91],[31,-42],[0,-75]],[[10223,6340],[-62,-17],[16,-25],[-46,-59],[-31,25],[-16,-25],[-76,-8],[-16,-42],[0,-75],[-31,0],[-30,-42],[-31,9],[-15,-92],[-16,-17],[-61,8],[0,-33],[-31,-17],[0,-16],[-15,-17],[-16,-50],[-46,0],[-46,-42],[-46,-25],[31,-42],[-31,-125],[-108,33],[-77,-58]],[[9423,5588],[-46,58],[-77,-16],[-46,-50],[-30,-9],[-16,-33],[-46,-42],[15,-58],[-30,-34],[-108,17],[-46,25],[-15,0],[15,-17],[-108,25],[-46,-33],[-77,0],[-77,50],[-46,-42],[0,-92],[-15,0],[-15,-83],[-93,0],[-46,58],[-92,-75],[-15,-50]],[[8363,5187],[-16,0],[-46,-50],[-61,-9],[-16,-66],[-46,-25]],[[8178,5037],[-31,8],[-46,142],[46,125],[-46,84],[62,142],[-46,16],[-31,-25],[-31,59],[0,58],[-46,-25],[-46,9],[77,58],[-31,50],[0,17],[46,50],[31,109],[61,33],[-15,92],[-46,42],[46,75],[0,33],[62,17],[30,-67],[31,8],[-31,126],[46,-25],[0,41],[62,76],[-46,158],[46,92],[-15,42],[30,33],[-15,-8],[-15,25],[-108,33],[-15,92],[30,25],[0,51],[16,41],[46,17]],[[6549,6866],[77,16],[30,-33],[16,-92],[30,-25],[154,109],[31,-34],[46,0],[46,50],[62,17],[61,-75],[46,50],[0,75],[154,-33],[31,-42],[30,59],[31,91],[31,-16],[77,42],[46,-17],[46,50],[77,-59],[15,26],[93,16],[0,34],[92,25],[30,33],[47,8],[61,-33],[15,50],[62,17],[92,-25],[62,-100],[46,-17],[0,-67]],[[8178,5037],[0,-67],[16,-17],[-31,-17],[-16,-41],[-46,0],[0,-50]],[[8101,4845],[-15,8],[-15,50],[-93,50],[-30,-8],[-16,16],[0,42],[-61,50],[-200,-33],[-77,-59],[-77,9],[-15,-50],[-46,33],[-16,42],[-46,-8],[0,-101],[-77,-92],[16,-41],[-46,-25],[-77,66],[0,75],[-16,17],[0,59],[-107,75],[0,75],[-93,-8],[93,92],[-16,41],[16,59],[-46,0],[-16,42],[-61,-42],[-62,58],[-15,34],[15,25],[-92,125],[-31,17],[-46,-25],[-77,83],[-46,-16],[-15,33],[0,58],[-31,51],[31,100]],[[4473,5304],[31,-34],[0,-41],[-61,-75],[-31,-109],[15,-17],[16,34],[46,-9],[61,-66],[-31,-76],[-61,-75],[15,-25],[-30,-50],[0,33],[-31,-8],[-31,25],[92,-317],[-30,-25],[-62,-34],[-31,9],[-15,-76],[-61,-16],[-31,-50],[-108,-42],[-31,16],[-15,-66],[-31,-17],[-46,8],[-61,-58],[-93,-25]],[[3858,4118],[-15,42],[-92,-9],[31,25],[-31,25],[0,117],[-77,25],[0,50],[31,9],[0,33],[30,50],[-15,50],[15,51],[31,16],[-15,50],[-46,9],[-62,-17],[-77,-67],[-107,25],[-92,-25],[-77,25],[-31,67],[-77,-8],[-61,25],[-139,-17],[-138,42],[-46,42],[-77,8],[-62,42],[62,58],[-77,100],[-15,-50],[-46,-25],[-31,0],[-62,67],[-46,8],[0,-16]],[[2444,4945],[-31,25],[47,67],[15,133],[31,9],[61,66],[31,76],[0,91],[138,42],[31,-16],[15,58],[62,42],[-15,25],[-47,8],[47,167],[46,-16],[30,16],[139,-42],[30,67],[-15,67],[46,25],[0,59],[31,-17],[46,17],[46,50],[-31,83],[-46,67],[0,117],[-15,42],[15,67],[46,-17],[31,25]],[[8101,4845],[-30,-42],[-77,-42],[-31,-50],[-46,-8],[-16,-84],[-46,-58],[-92,-34],[-46,-58],[-61,16],[-154,-108],[-108,-50],[31,-42],[-15,-42],[30,-33],[0,-34],[46,-50],[31,-8],[-15,-25],[61,-100]],[[7563,3993],[-46,-34],[-61,-83],[-46,-134],[-93,-33],[-153,25],[-77,-25],[30,-151],[-15,-41],[-169,24],[-31,26],[0,33]],[[6902,3600],[108,109],[15,33],[-61,67],[-31,142],[-215,0],[15,58],[-46,25],[15,59],[-15,33],[-31,-25],[-30,9],[-31,25],[0,41],[-139,-33],[-30,33]],[[6426,4176],[15,109],[15,8],[16,34],[-62,33],[16,50],[-16,34],[-30,8],[-31,-25],[-46,8],[-16,25],[31,50],[-61,42],[-31,59],[-31,8],[-61,-25],[-62,50],[-184,0]],[[5888,4644],[0,42],[61,50],[16,75],[-16,58],[16,84],[-31,8],[46,34],[108,-17],[0,67],[15,17],[-15,58],[-47,8],[0,51],[31,8],[-46,8],[0,25],[-108,76],[-15,33],[15,58],[-61,25],[0,42],[15,34],[31,-9],[77,50],[15,42],[77,17],[46,42],[31,-9],[46,34],[-31,16],[31,84],[-31,75],[0,33]],[[2045,4001],[46,8],[30,-100],[31,-33],[46,-9],[31,-33],[92,8],[46,-58],[-46,-17],[-31,-67],[93,42],[30,-17],[62,9],[31,-134],[77,33],[0,67],[61,-25],[31,59],[61,50],[46,-25],[0,-50],[62,0],[15,-26]],[[2859,3683],[0,-33],[-107,-133],[-123,