{"type":"Topology","transform":{"scale":[0.0002644956161479908,0.00024249005116543492],"translate":[108.5724,18.1158]},"arcs":[[[1210,5910],[296,218],[228,88],[88,90],[94,164],[57,65],[145,99],[31,43],[16,278],[161,282],[187,190],[47,102],[57,20],[275,-3],[161,-54],[130,-11],[301,88]],[[3484,7569],[36,-340],[63,-37],[72,37],[31,-31],[73,-31],[5,-71],[32,-40],[-32,-85],[32,-34],[-11,-53],[11,-54],[67,-17],[26,-31],[-11,-20],[16,-62],[-26,-80],[-10,-5],[-26,25],[21,-20],[-6,-17],[-57,-48],[-26,-5],[-36,22],[0,-11],[5,-63],[31,-5],[21,-54],[-5,-56],[47,-20],[15,-83],[78,-39],[104,19],[36,-28],[63,17],[25,-11],[11,-8],[-26,-12],[-10,-65],[15,-40],[5,12],[16,-40],[21,-11],[-6,36],[26,-42],[11,9],[31,-20],[-5,14],[26,-3],[5,-17],[31,-20],[52,37],[47,-17],[-16,20],[37,-17],[-6,14],[21,9],[-31,-34],[16,-15],[57,-17],[36,29]],[[4512,6040],[-5,-32],[-21,-8],[0,-76],[-16,-17],[6,-46],[15,-22],[-36,-57],[-83,-82],[-10,-56],[10,-29],[62,-11],[-5,-136],[47,-40],[0,-25],[-21,-40],[-52,11],[5,-45]],[[4408,5329],[-93,-11],[-73,39],[-99,-45],[-57,6],[-41,-34],[25,-31],[-10,-57],[21,-25],[-16,-46],[5,-25],[193,-14],[5,-37],[31,2],[16,-47],[15,-20],[5,-18],[-83,-161],[42,-136],[-5,-99],[-73,-187]],[[4216,4383],[-62,125],[-141,-23],[-57,79],[-15,6],[-16,122],[-31,6],[-41,-49],[-21,6],[-11,57],[-88,102],[-68,119],[-114,-57],[-25,26],[-94,-23],[-36,5],[15,46],[42,17],[-5,25],[57,91],[25,71],[-31,25],[-31,94],[11,19],[-37,49],[-67,-46],[-10,20],[-27,-6],[-20,-42],[15,-34],[-41,-26],[5,-19],[-83,-66],[-140,9],[-21,65],[-78,28],[5,-22],[-15,-11],[-47,14],[-26,56],[-47,31],[-10,-14],[-21,34],[-26,-39],[-16,22],[-15,-22],[-31,42],[-5,-42],[-57,-12],[5,-17],[-37,0],[-5,-23],[-83,66],[-42,-17],[-15,11],[-42,-28],[-57,48],[-67,-23],[-31,26],[-6,20],[89,79],[15,42],[-62,28],[-5,-19],[-37,-17],[-62,36],[0,43],[-52,57],[-31,85],[-36,-17],[-5,-34],[-37,-6],[-21,14],[-57,0],[-93,60],[-83,-17],[10,-26],[-36,-48],[57,-71],[-36,-45],[-6,-54]],[[1796,5394],[-57,40],[-114,-40],[-16,6],[0,62],[-57,144],[-62,35],[-42,42],[-31,0],[-26,17],[-5,37],[-176,173]],[[7149,8512],[120,82],[446,201],[431,-224],[21,-40],[10,-67],[11,-320],[21,-57],[41,-37],[317,-113],[119,-17],[120,11],[114,54],[57,-3],[62,-56],[120,-247],[46,-54],[338,-127],[88,12],[224,192],[83,28],[202,12],[213,-23],[26,-37],[-31,-87],[-57,-43],[-151,-57],[-15,-39],[-42,-216],[-36,-62],[-203,-76],[-140,-125],[-62,-93],[-37,-85],[-5,-204],[-67,-269],[-120,-195],[-197,-15],[-78,-34],[-68,-45],[-145,-221],[-93,-48],[-89,-14],[-36,-23],[-36,-43],[-32,-90],[-103,-195],[-369,-366],[-41,-88]],[[8126,4949],[-151,323],[-83,20],[-26,-3],[-5,-31],[-26,-8],[-42,17],[-15,-96],[-26,-60],[-73,-6],[-52,14],[-16,52],[21,50],[-5,43],[-41,37],[10,28],[5,91],[-67,45],[-31,48],[-6,71],[-15,6]],[[7482,5590],[0,39],[-37,71],[-83,57],[-72,5],[-32,-22],[-25,25],[-21,-45],[-32,14],[-20,107],[47,12],[15,54],[42,8],[36,51],[31,-14],[31,17]],[[7362,5969],[21,-31],[11,31],[78,0],[-32,-113],[47,0],[21,-34],[36,-14],[109,22],[52,-14],[16,25],[57,3],[31,32],[15,34],[-10,59],[-21,39],[6,83],[72,104],[6,83],[46,25],[-52,31],[-72,0],[-26,29],[-16,22],[-11,74],[16,45],[-52,17],[63,37],[62,0],[21,14],[-11,43],[-62,28],[-21,25],[5,37],[37,34],[46,79],[-10,37],[16,17],[-68,20],[57,14],[5,37],[84,51],[15,-31],[31,-17],[68,9],[15,33],[-26,94],[42,42],[-10,40],[-63,45],[-52,-17],[-31,54],[47,40],[-5,36],[-31,40],[31,26],[5,22],[-47,6],[-62,62],[-31,-3],[10,66],[-10,25],[-42,34],[5,31],[-129,57],[-11,85],[-78,65],[-109,244],[-10,110],[-307,320]],[[312,2469],[197,42],[21,35],[57,0],[31,-15],[67,32],[31,-6],[16,-31],[31,-12],[-5,-25],[16,-11],[41,22],[57,-17],[47,6],[21,76],[98,71],[37,-3],[46,29],[26,39],[47,20],[11,34],[93,14],[15,29],[89,-23],[36,8],[52,-22],[21,17],[62,-12],[42,71],[57,20],[119,-28],[16,22],[72,0],[27,29],[5,93],[15,31],[57,57],[104,14],[0,28],[5,40]],[[2092,3143],[21,17],[36,88],[146,31],[99,-65],[57,-9],[36,26],[67,0],[63,25],[5,46],[10,68],[104,73],[11,43]],[[2747,3486],[119,-43],[31,6],[37,-26]],[[2934,3423],[-31,-17],[-11,-33],[-42,-32],[0,-31],[-10,3],[47,-37],[26,-54],[15,-65],[-10,-20],[52,-11],[62,-76],[-47,-68],[0,-46],[-31,-65],[21,-153],[-26,-14],[16,-62],[-16,-14],[5,-23],[21,-45],[-15,-29],[5,-70],[26,-46],[67,-62],[10,-31],[37,-11],[21,-40],[-16,-96],[47,-63]],[[3157,2112],[-11,-20]],[[3146,2092],[-47,-14],[-31,-56],[-46,-48],[-151,-83],[-10,-36],[-57,-69],[0,-47],[15,-12],[6,-37],[-21,-45],[-36,12],[-42,-18],[-5,68],[-47,6],[-42,93],[-36,-5],[-47,25],[-78,-48],[-93,-31],[-37,-34],[-10,-99],[10,-57],[-41,-70],[-31,-23],[-36,-48],[-47,28],[-119,-28],[-37,11],[-73,-65],[-67,22],[-31,-65],[-42,6],[-78,-26],[-31,-30],[-31,-3],[-37,-37],[-4,-51],[-73,-40],[-203,-388]],[[1360,750],[-57,51],[-62,156],[-36,34],[-291,54],[-57,45],[-26,48],[-37,156],[-51,59],[-89,43],[-259,31],[-73,25],[-21,88],[-10,196],[31,362],[-10,371]],[[3146,2092],[16,-28],[-5,-54],[57,-113],[5,-51],[42,23],[83,-48],[182,-15],[20,-53],[62,-11],[37,-29],[10,-156],[-41,-48],[-26,-90],[0,-23],[20,-26],[-15,-51],[-31,0],[5,-36],[57,-34],[26,-49],[11,-39],[15,-12],[62,12],[58,-34],[46,28],[62,-34],[125,49],[26,-26],[36,-12],[32,6],[36,26],[36,-9],[-5,45],[36,34],[-10,77],[99,76],[-11,20],[26,65],[32,-3],[-11,29],[15,62],[32,17],[46,-8],[11,17],[26,11],[31,99],[42,-17],[15,-48]],[[4569,1631],[-21,-42],[10,-32],[37,-28],[41,-6],[47,-79],[-15,-68],[-83,-68],[20,-96],[21,-315],[10,-243]],[[4636,654],[-228,-436],[-73,-105],[-77,-71],[-110,-31],[-571,-11],[-161,40],[-119,104],[-135,91],[-255,130],[-103,102],[-114,85],[-177,34],[-213,-11],[-109,25],[-114,83],[-57,19],[-364,-25],[-244,39],[-52,34]],[[3598,3772],[63,36],[10,94],[15,28],[63,14],[140,-76],[26,0],[26,31],[-11,93],[63,49],[31,-3],[62,31],[5,62],[26,40],[52,3],[52,-40],[47,71],[0,62],[0,20],[-52,45],[0,51]],[[4408,5329],[31,-25],[88,-15],[16,-20],[0,-36],[57,-48],[21,31],[114,59],[68,-39],[36,14],[-47,48],[52,40],[16,39],[10,-6],[-5,-33],[36,-23],[-5,-43],[31,-31]],[[4927,5241],[-41,0],[-26,-17],[-57,-65],[-21,-68],[-47,-42],[11,-34],[-21,-167],[26,-40],[62,-31],[31,14],[47,-6],[47,-76],[36,11],[21,-82],[125,6],[57,-54],[5,-26],[26,-31],[10,-82],[114,-22],[42,8],[41,-57],[94,-14],[20,-48],[42,-17],[11,-36],[31,-18],[10,-59],[135,20],[94,-6]],[[5852,4202],[20,-76],[-10,-43],[21,-40],[-5,-53],[10,-15],[-21,-70],[11,-74],[46,-37],[21,-42],[52,-26],[-21,-42],[21,-40]],[[5997,3644],[-31,-54],[15,-50],[-114,-77],[-21,-31],[-52,-15],[16,-82],[-16,-39],[-62,-26],[-52,-53],[-104,-57],[63,-91],[67,-45],[31,-79],[-10,-26],[57,-65],[-83,-73],[-37,-15],[-10,-34],[16,-22],[-21,-3],[-36,-59],[-63,11],[-36,-46],[0,-50],[-57,-20]],[[5457,2543],[-42,11],[-41,40],[-47,87],[-83,32],[-57,-9],[-42,-31],[-41,-11],[-83,-91],[-47,68],[-36,-37],[-21,0],[-11,-28],[-46,-46],[-99,-2],[-41,56],[-27,0],[-10,96],[-21,60],[-62,54],[-26,6],[-31,62]],[[4543,2860],[-31,48],[-104,-8],[-57,51],[-31,8]],[[4320,2959],[5,102],[-10,37],[-42,34],[-15,45],[41,51],[52,11],[36,46],[-67,14],[-42,28],[-20,-6],[-42,23],[-47,-6],[-46,-45],[-42,14],[-47,-11],[-46,22],[-32,-36],[-62,-9],[-21,54],[-67,8],[-26,63],[-68,25],[-20,34],[-16,99],[-62,94],[15,51],[-31,71]],[[109,5162],[223,-193],[104,-152],[21,-51],[47,-37],[155,-23],[135,-51],[47,23],[78,3],[67,36],[52,-50],[47,-12],[89,-59],[62,-6],[52,-40],[114,12],[57,-23],[47,-68],[5,-79],[36,-85],[26,-28],[57,-14],[-10,-26],[-47,-12],[10,-33],[42,-23],[36,6],[47,-68],[-47,-71],[11,-34],[-26,-45],[15,-34],[-15,-65],[36,-49],[68,-3],[26,20],[41,0],[68,-39],[104,-17],[46,-148],[11,-107],[-57,-136],[0,-46],[-26,-25],[-6,-42],[135,-125]],[[312,2469],[-6,105],[-10,34],[-62,73],[-104,51],[-31,57],[0,280],[15,295],[-72,357],[-42,470],[36,90],[31,227],[-20,476],[41,158],[21,20]],[[5659,8138],[478,54],[597,104],[415,216]],[[7362,5969],[-46,37],[-11,45],[-47,37],[-31,0],[-26,-34],[-67,11],[-16,-48],[-15,-3],[-104,49],[-16,33],[16,57],[-109,8],[-16,66],[-25,19],[-16,71],[-31,-5],[-16,36],[26,32],[26,104],[68,57],[-42,39],[-26,69],[-31,-54],[-78,0],[-57,20],[-68,-51],[-31,-49],[-62,23],[-52,-8],[-68,-23],[-5,-25]],[[6386,6482],[-41,16],[-94,-48],