{"type":"Topology","transform":{"scale":[0.0001443867843991785,0.00012769128384279368],"translate":[113.83733157600022,22.154567776000107]},"arcs":[[[2274,977],[-22,-165]],[[2252,812],[-88,-7],[-92,74],[-65,36],[-101,1]],[[1906,916],[6,49],[16,12],[33,18],[60,31],[69,25],[75,-25],[49,-31],[60,-18]],[[2434,821],[-108,-4],[-74,-5]],[[2274,977],[92,0]],[[2366,977],[52,-31],[59,-12],[-16,-49],[-27,-64]],[[2868,739],[-142,66],[-206,19],[-86,-3]],[[2366,977],[64,62],[60,36],[66,-28],[64,-21],[43,-49],[44,12],[53,-24],[54,-103],[54,-44],[0,-79]],[[2209,604],[-28,-6],[-54,43],[-16,37],[0,6],[98,-24],[0,-56]],[[2868,739],[-43,-55],[26,-73],[33,-67],[-33,-13],[49,-147],[-86,-18],[-22,31],[-53,49],[-1,82],[-22,91],[-47,41],[-41,-35],[41,-14],[0,-61],[-28,-6],[-48,-62],[48,-79],[-21,-55],[27,-56],[-82,-18],[-11,123],[22,18],[-19,38],[-73,-38],[-32,19],[32,42],[-48,30],[32,50],[-16,42],[-60,13],[8,66],[-88,-60],[-27,-43],[-16,0],[-16,43],[-11,55],[-61,36],[-112,6],[-48,25],[-29,61],[-10,36],[-32,62],[-44,18]],[[2349,1069],[-32,-18],[-32,42],[7,89],[-18,40],[-5,36],[-38,0],[0,55]],[[2231,1313],[110,6]],[[2341,1319],[-4,-68],[16,-79],[-4,-103]],[[2548,1409],[21,-84],[24,-103]],[[2593,1222],[22,-74],[-17,0],[-117,134],[-62,-75],[33,-53],[0,-24],[-53,24],[-14,-59],[-36,-26]],[[2341,1319],[6,103],[-43,68]],[[2304,1490],[108,25]],[[2412,1515],[54,-117],[82,11]],[[2092,1273],[14,-9],[27,6],[10,-24],[-37,-24],[-32,24]],[[2074,1246],[18,27]],[[2231,1313],[-50,49],[-45,28]],[[2136,1390],[18,53],[77,24]],[[2231,1467],[73,23]],[[2747,1398],[-199,11]],[[2412,1515],[260,60]],[[2672,1575],[75,-177]],[[2747,1398],[54,-104],[-37,-147],[49,-116]],[[2813,1031],[-32,-36],[-74,80],[-114,147]],[[3177,782],[0,-49],[17,-43],[-23,-42],[-48,-37],[-21,43],[-27,6],[11,85],[0,-6],[91,43]],[[3550,862],[-22,-44],[-16,32],[16,48],[22,-36]],[[3014,952],[-53,-48],[5,73],[48,-25]],[[3691,1179],[-11,0],[-33,61],[17,43],[27,-55],[0,-49]],[[3567,1240],[-39,-24],[44,97],[21,0],[-26,-73]],[[3421,1343],[-82,-18],[-21,98],[49,25],[37,-18],[17,-87]],[[3177,1625],[0,-104],[-44,37],[-5,92],[0,30],[27,18],[22,-73]],[[3404,1472],[-146,0],[-16,25],[-5,104],[-11,49],[54,85],[38,0],[21,-134],[65,-68],[0,-61]],[[2672,1575],[102,171],[92,141]],[[2866,1887],[211,36],[124,80],[130,67],[103,-61],[119,-61],[97,67],[-11,165],[32,104]],[[3671,2284],[20,-49],[107,-6],[97,-24],[-16,-60],[27,-123],[-83,40],[-52,9],[-80,-165],[33,20],[69,-103],[33,-168],[-22,-5],[-6,39],[-65,3],[22,-67],[-27,-67],[-37,-37],[-65,-24],[-23,-104],[-36,55],[0,98],[-72,-49],[-20,55],[-44,55],[11,122],[-96,42],[-13,68],[-59,-44],[-69,-17],[-98,73],[-55,0],[-64,-98],[32,-116],[44,-67],[-23,-55],[-64,61],[-6,79],[-55,-30],[-20,-48],[71,-75],[47,-201],[32,-12],[98,-20],[6,-90],[27,0],[54,12],[54,-73],[-41,-51],[-56,-41],[-49,19],[-11,-6],[5,-44],[-1,-60],[73,24],[21,-61],[0,-55],[-44,-31],[-54,50],[-74,46],[10,69],[-44,129],[-59,48],[5,62],[5,48],[-75,50],[-28,-135],[11,-73],[-66,-75]],[[2868,2163],[4,-142],[-6,-134]],[[2231,1467],[-35,96],[-27,98]],[[2169,1661],[157,232],[-17,169]],[[2309,2062],[76,2],[163,53]],[[2548,2117],[45,-34],[-12,-61],[34,-30],[-39,-80],[44,13],[54,115],[75,76],[27,83],[39,1],[53,-37]],[[2074,1246],[-48,12],[-5,6],[36,31],[35,-22]],[[1853,1343],[-110,-30],[-15,135],[-53,80],[0,48],[42,25],[59,-25],[61,-18],[21,-49],[22,-55],[-27,-111]],[[2136,1390],[-52,31],[-96,49],[-6,-40],[-70,122],[-6,39]],[[1906,1591],[123,21],[56,26],[-29,102],[54,25],[59,-104]],[[1338,1266],[-242,-3]],[[1096,1263],[27,50],[124,104],[22,-55],[161,135],[38,-27],[39,-47],[-22,-61],[-11,-67],[-28,25],[-54,11],[-48,0],[-6,-65]],[[1554,1448],[-37,0],[-10,61],[21,37],[54,-25],[-21,-24],[-7,-49]],[[1906,1591],[-11,64],[-42,31],[-51,-54],[-127,23],[-6,-24],[-55,0],[-22,-30],[-64,18],[-54,-18],[-71,-31],[-134,-37]],[[1269,1533],[68,103],[-60,68],[98,79]],[[1375,1783],[254,98],[292,91],[156,43]],[[2077,2015],[114,43],[118,4]],[[323,1759],[-28,-73],[-27,110],[55,-37]],[[1269,1533],[-39,25],[0,43],[-113,0],[-47,40],[-63,21],[-42,97],[-26,6],[-16,56],[-43,-50],[71,-68],[-137,-17],[-69,-61],[-99,55],[-32,0],[-80,55],[27,92],[-54,85],[-94,79],[86,77],[147,9],[72,55]],[[718,2132],[138,-80],[189,-98],[324,0],[6,-171]],[[2093,2455],[-97,-128],[81,-312]],[[718,2132],[91,178],[162,73],[146,233],[44,0],[54,-20],[-7,-47],[-4,-56],[26,18],[82,24],[22,0],[10,31],[-5,43],[0,61],[80,43],[109,30],[26,31],[28,55],[54,19],[33,12],[48,25]],[[1717,2885],[41,-27],[38,-195],[38,-190],[200,25],[59,-43]],[[3323,2848],[-33,-43],[-85,-50],[-45,50],[34,24],[32,-12],[37,92],[60,-61]],[[4128,3049],[-75,0],[21,61],[16,-24],[38,-37]],[[3128,3147],[60,-49],[75,31],[55,-19],[-87,-30],[-37,0],[-23,0],[39,-99],[-82,44],[-21,49],[21,73]],[[3431,2799],[-127,-106],[-119,-61],[-103,25],[-162,-19],[-151,-6],[-65,68],[-92,6],[-102,-55],[-119,-68],[-38,19],[-81,-19],[-11,-61],[-168,-67]],[[1717,2885],[-20,50],[63,40],[117,0],[39,-44],[22,-10],[81,83],[65,9],[73,-9],[35,107],[56,68],[78,27],[68,-61],[117,0],[144,-8],[63,5],[34,3],[-52,-71],[-35,-44],[-50,-55],[-34,0],[-5,-84],[60,18],[5,30],[81,24],[27,31],[54,104],[27,6],[21,-24],[39,24],[21,-24],[-30,-66],[41,11],[44,-44],[-3,-53],[34,-22],[55,33],[12,-30],[0,-49],[-14,-63],[52,-4],[28,-47],[64,-33],[195,61],[42,25]],[[2868,2163],[109,0],[15,-41],[-15,-75],[37,-49],[27,79],[87,49],[-87,141],[87,73],[87,25],[-5,66],[159,118],[9,-38],[39,-9],[-39,-77],[74,-19],[16,-121],[-37,-50],[32,-66],[38,48],[33,-115],[33,6],[-5,135],[57,158],[55,-48],[-3,-69]],[[3657,2505],[-43,-68],[-42,117],[36,48],[34,-6],[15,-91]],[[3431,2799],[17,-44],[-130,-109],[-76,-74],[-82,-37],[-91,-42],[-81,-62],[-32,-54],[-72,-50],[-54,0],[-102,142],[-98,-19],[-37,25],[-17,-38],[12,-66],[32,-18],[10,-55],[-49,12],[-5,36],[-49,31],[-80,-12],[-27,-38],[-133,-29],[62,-37],[76,-56],[88,-62],[35,-26]],[[457,30],[-43,0],[17,36],[76,25],[0,-61],[-50,0]],[[2956,61],[-56,-61],[-37,61],[37,73],[71,55],[22,-55],[0,-56],[-37,-17]],[[507,189],[0,-18],[-50,18],[0,61],[50,-61]],[[2851,177],[-42,-13],[0,68],[0,6],[38,0],[37,12],[16,-36],[-32,-37],[-17,0]],[[1062,292],[-11,-42],[-32,12],[-48,42],[43,44],[27,0],[21,-56]],[[1280,409],[32,-12],[54,0],[-22,-74],[-32,25],[-76,-56],[-6,50],[50,36],[0,31]],[[1940,527],[57,-66],[50,21],[0,-48],[-50,-37],[87,6],[79,0],[35,-19],[-80,-59],[-28,-39],[43,-97],[-55,1],[-184,-14],[23,68],[0,238],[-68,-1],[14,50],[3,105],[45,-19],[29,-90]],[[1424,678],[-32,0],[-48,67],[-75,43],[22,6],[128,0],[5,-116]],[[1458,800],[-34,0],[17,43],[33,0],[11,-7],[-27,-36]],[[1636,983],[-27,0],[0,43],[16,0],[17,-12],[-6,-31]],[[1409,1069],[-17,-43],[32,0],[0,-31],[-58,-18],[0,74],[5,0],[38,18]],[[1338,1266],[-6,-57],[-117,19],[0,-104],[65,30],[-32,-101],[9,-191],[-102,0],[-60,25],[82,-123],[-103,-86],[156,-110],[-102,-86],[-126,-62],[-9,56],[0,172],[-80,0],[-66,0],[-97,0],[-119,-104],[-48,0],[-22,-38],[70,-18],[0,-48],[-65,-45],[-89,-8],[-84,89],[-11,55],[-59,-19],[-71,-54],[-101,-91],[-88,-34],[-50,61],[-9,102],[-4,84],[13,44],[69,0],[0,77],[53,15],[0,49],[-43,35],[0,0],[3,3],[61,50],[49,43],[5,14],[63,12],[50,55],[59,105],[130,0],[71,-7],[48,-55],[71,31],[161,97],[102,-24],[49,86],[60,12],[22,41]],[[729,1313],[-22,-73],[-23,-24],[-16,-74],[-16,-60],[-11,0],[0,66],[-43,80],[0,12],[0,6],[43,18],[22,49],[21,-30],[45,30]]],"objects":{"hongkong":{"type":"GeometryCollection","geometries":[{"arcs":[[0,1,2]],"type":"Polygon","properties":{"id":3682,"name":"中西区"}},{"arcs":[[3,-1,4,5]],"type":"Polygon","properties":{"id":6655,"name":"湾仔区"}},{"arcs":[[6,-6,7]],"type":"Polygon","properties":{"id":6656,"name":"东区"}},{"arcs":[[[8]],[[-4,-7,9,-2]]],"type":"MultiPolygon","properties":{"id":6657,"name":"南区"}},{"arcs":[[10,11,12]],"type":"Polygon","properties":{"id":6658,"name":"油水旺区"}},{"arcs":[[13,14,-13,15,16,17]],"type":"Polygon","properties":{"id":6659,"name":"九龙市"}},{"arcs":[[[18,19]],[[-12,20,21,22,-16]]],"type":"MultiPolygon","properties":{"id":6660,"name":"深水埗区"}},{"arcs":[[23,-18,24,25]],"type":"Polygon","properties":{"id":6661,"name":"黄大仙区"}},{"arcs":[[26,27,-14,-24]],"type":"Polygon",