{"type":"Topology","transform":{"scale":[0.00045996898718681217,0.0003902332231257261],"translate":[116.3672,30.756200000000003]},"arcs":[[[6950,8348],[0,56],[-23,56],[23,28],[24,14],[24,43],[-71,56],[-24,-14],[-48,70],[24,28],[0,43],[-48,0],[0,28],[96,84],[71,14],[167,113],[168,127],[24,56],[23,56],[96,85],[-48,70],[24,14],[0,56],[0,85],[120,197]],[[7572,9713],[190,-56],[144,-85],[167,-42],[526,-253],[71,-71],[48,-492],[167,-226],[72,-211],[24,-197],[47,-99],[215,-295],[215,-493],[72,-253],[0,-338],[0,-14],[167,-28],[48,-28],[0,-85],[-48,-56],[48,-169],[143,-183],[96,-183],[48,-282],[23,-675],[0,-28]],[[10055,4871],[-238,-85],[-72,-42],[-24,0],[-24,-42],[-71,-28],[0,56],[-96,0],[-48,-43],[-24,15],[0,28],[-23,0],[-48,-14],[-48,-56],[-24,27],[0,43],[-48,42],[-24,-28],[0,42],[-47,71],[-48,-43],[-72,0],[-71,14],[-24,-14],[0,-14],[-24,-14],[-24,14],[-72,0],[-24,127],[-95,42],[0,28],[-24,14],[-95,-28],[0,-14],[-48,28],[-72,-70],[-119,-14],[24,-56],[-48,-71],[0,-42],[-24,-14]],[[8336,4730],[-24,14],[24,28],[-48,28],[0,-14],[-119,-28],[-24,0],[0,42],[24,14],[0,127],[24,14],[23,42],[24,0],[0,14],[24,29],[24,-15],[0,85],[72,14],[24,56],[0,43],[-48,-15],[-48,-42],[-48,28],[24,29],[-24,28],[24,28],[48,-14],[0,42],[-24,0],[48,70],[24,28],[-72,43],[0,126],[48,0],[0,-28],[48,-14],[24,14],[23,28],[96,-14],[0,28],[0,57],[24,0],[24,84],[0,169],[-24,70],[0,113],[-191,28],[-287,113],[-72,-56],[-143,-29],[-191,0],[-48,-28],[0,42],[-47,0],[-168,-70],[-47,0],[-24,43],[24,70],[-48,0],[0,14],[0,70],[24,0],[-48,28]],[[7285,6306],[-72,43],[24,84],[48,14],[-24,28],[-24,29],[-95,-29],[-24,29],[-24,98],[-24,14],[-24,99],[-72,0],[-24,56]],[[6950,6771],[120,70],[0,28],[-48,71],[-24,0],[-24,28],[-24,-14],[-71,70],[-24,14],[-48,43],[-72,295],[72,56],[-24,0],[0,43],[-24,56],[72,56],[0,85],[119,239],[168,141],[0,127],[-24,14],[-24,-14],[-48,70],[0,42],[-48,14],[-24,43]],[[4442,9431],[24,-42],[96,-28],[119,70],[120,-56],[48,70],[95,0],[24,-42],[48,-28],[0,-42],[-72,-56],[0,-43]],[[4944,9234],[-48,-56],[24,0],[0,-70],[-95,0],[-24,-43],[0,-42],[-24,-70],[24,-71],[-24,-70],[0,-70],[-96,0],[-24,-14],[0,-127],[-47,-42],[-215,56],[-191,-14],[-144,28],[-47,99],[-120,0],[0,-57],[-24,-14],[-47,28],[-48,-14],[-48,71],[-24,0],[-24,-43],[-119,-28],[-24,-56],[0,-28],[24,-14],[0,-28],[24,-14],[71,14],[24,-99],[0,-84],[0,-29],[-48,0],[-23,-42],[47,-42],[72,-28],[0,-56],[72,-14],[0,14],[0,28],[24,0],[23,-42],[24,-99],[48,-57],[24,-84],[24,-42],[-24,-28],[-24,14],[-24,-71],[24,-14],[24,-56],[-24,-42]],[[3917,7672],[-48,0],[-71,28],[-48,14],[-191,-56],[-72,14],[-24,14],[0,-14],[-24,-57],[-47,0],[-24,15],[-24,0],[-24,-43],[-96,57],[-23,-14],[-48,14],[-48,-14],[-95,-57],[-48,85],[24,42],[24,113],[0,56],[23,141],[-47,28],[-24,-14],[-24,-14],[-24,14],[-24,84],[-48,43],[0,28],[-24,56],[24,56],[-71,42],[0,29],[-72,28],[0,-14],[24,-14],[-24,-29],[-48,-28],[0,-42],[-48,0],[0,42],[-47,28],[0,71],[-48,56],[-72,-28],[-71,-28],[0,-28],[-72,-14],[-48,28],[0,56],[-72,14],[24,42],[-47,29],[-72,-15],[-24,-42],[-48,14],[-23,14],[-120,-28],[-24,28],[-48,-14],[-95,43],[24,28],[-96,14],[48,42],[0,14],[-72,14],[-24,42],[-47,0],[-48,29],[-24,28],[-24,0],[24,84],[48,70],[-24,-14],[0,71],[-48,-14],[-24,42],[-24,-14],[-71,70],[0,99],[23,84],[-47,28],[24,57],[-96,42],[-119,0],[0,-28],[-96,0],[-71,70],[-48,85],[-48,42],[-48,14],[-143,-14],[-96,42],[-95,0],[0,28],[48,14],[0,15],[-48,27],[-48,57],[-72,0],[0,28],[-71,56],[-24,99],[-72,28],[-48,70],[-71,-42],[-48,28],[24,43],[0,42],[24,56],[-24,42],[-24,0],[0,71],[95,28],[-23,112],[23,43],[0,112],[72,99],[48,-14],[215,42],[95,28],[24,28],[191,14],[96,-42],[72,-14],[0,70],[47,-28],[120,-14],[47,-56],[72,-28],[72,0],[24,-42],[24,-99],[23,-99],[144,-56],[0,-56],[24,-28],[24,-57],[47,-42],[-47,-28],[-24,-42],[24,-85],[23,-14],[24,14],[72,0],[72,-211],[0,-127],[48,-56],[23,14],[48,-112],[72,0],[0,28],[24,-14],[0,28],[-24,28],[0,14],[24,-28],[24,0],[-24,56],[24,14],[24,15],[-24,13],[24,14],[-24,29],[47,112],[48,-14],[72,43],[71,-15],[48,-28],[0,-56],[120,-113],[23,-42],[48,-14],[0,-42],[48,28],[72,-14],[24,14],[71,-42],[48,84],[48,-14],[71,42],[48,113],[72,-14],[167,-57],[0,127],[0,127],[0,84],[24,-14],[48,14],[24,-14],[71,14],[72,-14],[24,71],[47,-28],[96,14],[24,0],[24,-57],[24,0],[24,43],[47,-29],[120,0],[-24,-42],[48,-56],[-72,-113],[96,-28],[23,14],[24,-28],[72,-14],[-24,-98],[-48,-29],[-24,-28],[96,-84],[0,-127],[-24,-42],[24,-14],[24,28],[0,-28],[48,-14],[24,70],[0,-14],[119,14],[48,56],[48,0],[0,-14],[119,-14],[71,56]],[[10055,4871],[48,-57],[215,-169],[144,-84],[501,-141],[96,-70],[47,-268],[24,-253],[24,-239],[96,-29],[358,-28],[239,-84],[310,-282],[48,-98],[24,-183],[24,-549],[0,-141],[-287,14],[-668,267],[-120,57],[-143,42],[-167,197],[-120,70],[-47,0],[-144,-56],[-263,-211]],[[10294,2576],[-95,56],[-120,0],[-238,99],[-239,465],[-454,0],[-48,28]],[[9100,3224],[24,56],[-24,42],[-72,14],[0,71],[-23,14],[-144,84],[-191,14],[-24,99],[48,126],[0,57],[-48,28],[24,141],[24,14],[-48,70],[24,42],[0,57],[-95,-43],[-24,29],[-24,-15],[-24,268],[-48,56],[24,29],[0,126],[-24,113],[-71,-29],[-48,43]],[[4037,6208],[95,56],[334,-28],[191,183],[598,211],[-72,113],[48,126],[48,268],[24,84],[-48,43],[-48,112],[72,28],[0,71],[24,56],[23,14],[0,70],[-23,43],[0,42],[-24,14],[24,56],[-24,71],[71,112],[96,85],[47,-14],[24,14],[144,70],[71,-56],[72,70],[24,29],[0,56],[-24,0],[24,28],[72,42],[0,42],[143,113],[24,70],[48,43]],[[6115,8545],[71,-85],[24,-14],[24,-42],[119,14],[72,-42],[143,28],[24,-42],[24,-29],[48,-14],[0,-42],[24,-14],[143,85],[24,56],[24,-14],[24,-28],[47,-14]],[[6950,6771],[-71,42],[-96,-28],[-71,-42],[-72,-28],[-239,-28],[-143,-43],[-24,-14],[24,-56],[48,-42],[-239,-57],[0,-56],[-24,-56],[0,-71],[143,-14],[24,-141],[48,14],[143,-70],[72,-169],[48,-28],[-24,-56],[-72,-99],[0,-408],[-167,-28],[-120,14]],[[6138,5307],[-167,-14],[-119,127],[-24,56],[0,42],[-72,0],[0,28],[24,14],[0,57],[0,14],[-72,14],[-143,-57],[-72,15],[0,42],[-95,0],[-24,-42],[24,-43],[-24,-28],[-48,14],[-23,-14],[23,-155],[-71,-14],[-72,14],[-24,-14],[24,-126],[-24,-14],[0,-57],[24,-56],[0,-28],[-48,-42],[-24,28],[-23,-28],[0,28],[-48,14],[0,-28],[-96,42],[-48,-14],[-23,-28],[-72,-29],[-48,29],[-191,-14],[-48,42],[-48,-57],[-95,0],[-24,43],[24,14],[-24,70],[-48,14],[-47,-28],[0,42],[-48,14],[-24,43],[48,28],[-24,42],[-24,70],[-96,-14],[-24,197],[144,57],[24,42],[-96,14],[-48,70],[0,85],[-47,211],[0,169]],[[7715,1056],[191,211],[215,28],[48,28],[119,127],[120,84],[47,71],[358,169],[168,0],[119,70],[0,14],[0,42],[0,29],[72,42],[48,-14],[-24,169],[-96,-29],[-24,29],[0,42],[48,0],[24,28],[48,14],[0,14],[0,71],[-72,14],[0,28],[0,42],[48,14],[24,56],[-24,0],[0,43],[24,42],[-24,84],[-48,28],[-72,0],[-24,43],[24,70],[-71,28],[-24,71],[-48,28],[0,14],[-191,70],[24,43],[-24,27],[-24,113]],[[8694,3153],[119,113],[24,14],[263,-56]],[[10294,2576],[359,-296],[119,-154],[143,-99],[-143,-127],[-24,14],[-24,-28],[-119,-42],[0,42],[-24,0],[-119,-98],[-72,-28],[0,-14],[48,-14],[-48,-29],[24,-28],[-24,-56],[-96,-56],[24,-29],[24,-28],[0,-98],[48,-14],[24,-43],[-24,-28],[-72,28],[-24,-14],[-24,43],[-23,-57],[-24,-14],[-24,-126],[48,-127],[-24,-43],[-48,15],[-24,-57],[-24,14],[-95,-14],[-120,14],[-95,-14],[-48,-84],[24,-14],[48,0],[23,-42],[-23,-85],[23,-28],[-23,-85],[-96,-28],[-48,28],[-47,0],[-72,-28],[0,-42],[-48,-28],[-48,14],[-71,0],[-24,-28],[48,-71],[23,-126],[-23,0],[0,-28],[-48,28],[-48,-56],[0,14],[-24,-43],[-48,14],[-95,0],[-48,-56],[-119,-197],[-48,14],[-24,56],[0,57],[-48,28],[24,56],[-48,42],[24,29],[-48,56],[0,84],[-24,14],[0,-84],[-119,-28],[-24,70],[24,99],[-119,-43],[-120,-14],[-286,43],[-144,154],[-143,71],[-24,70],[-72,113],[-24,98],[-23,57],[-24,14]],[[4944,9234],[72,-56],[48,28],[95,-56],[24,14],[24,-56],[24,0],[24,0],[48,70],[23,56],[24,14],[191,14],[72,15],[24,-43],[71,71],[0,42],[72,0],[0,-14],[24,14],[0,42],[48,0],[0,-56],[0,-113],[0,-42],[48,14],[-24,-28],[24,-42],[-24,-127],[47,-14],[24,-141],[72,-14],[0,-56],[24,-14],[0,-42],[-24,-29],[24,-28],[0,14],[48,-28],[24,-28],[-24,-42],[24,-28]],[[4037,6208],[-48,70],