{"type":"Topology","transform":{"scale":[0.0003795640748183641,0.00034214845663890254],"translate":[113.5767,24.488499999999995]},"arcs":[[[1158,4335],[87,48],[57,0],[174,48],[58,64],[87,0],[87,-16],[28,16],[58,0],[87,33],[0,48],[174,112],[58,64],[116,-16],[29,-64],[29,64],[29,16],[0,97],[57,16],[58,48],[87,144],[29,-16],[29,33],[58,32],[87,-32],[0,-81],[144,0],[29,-32],[87,-64],[58,64],[87,-32],[29,48],[116,-32],[87,48],[29,-32],[28,0],[87,80],[58,-16],[29,-16],[145,-16],[29,-16],[29,-64],[29,16],[0,-48],[57,0],[29,-48],[87,16],[29,64],[-29,16],[-29,32],[-116,32],[29,16],[0,48],[87,81],[0,32],[29,32],[-58,48],[0,80],[0,32],[-115,113],[28,32],[0,64],[58,145],[87,128],[58,48],[145,48],[145,-16],[29,32],[-29,49],[29,48],[58,48],[28,80],[87,81],[0,80],[87,48],[29,-16],[29,-32],[58,-16],[87,16],[86,80],[87,-32],[29,16],[29,-16],[29,48],[29,16],[29,-32],[0,-80],[58,-32],[145,48],[87,0],[57,-48],[58,32],[87,96],[-58,32],[29,16],[58,0],[-29,161],[-58,-16],[-58,32],[58,96],[-29,0],[0,80],[58,65],[116,-48],[29,-65],[58,-16],[58,129],[0,16],[29,16],[57,112],[58,32],[116,129],[58,0],[29,32]],[[6223,7241],[174,241],[29,64],[-29,32],[0,80],[29,16],[29,32],[115,49],[145,-33],[0,-80],[58,-32],[-29,-64],[29,-64],[0,-17],[87,17],[29,-81],[-29,-64],[-29,-64],[-29,-16],[-29,-80],[0,-81],[29,-48],[29,-16],[0,-64],[-87,-112],[0,-33],[58,-64],[-29,-16],[-29,-112],[-58,-81],[58,-64],[29,16],[0,-16],[29,-32],[58,16],[29,-16],[29,-64],[-29,-32],[87,16],[0,-48],[115,16],[0,-64],[-86,-49],[57,-48],[29,-64],[0,-48],[-86,-48],[86,-48],[116,-97],[58,32],[116,0],[29,32],[-29,49],[58,48],[86,16],[58,112],[116,-96],[29,-48],[87,32]],[[7815,6053],[87,-80],[58,-145],[87,-16],[0,-32],[-29,-64],[-29,-65],[0,-96],[-29,-48],[-29,-16],[-87,32],[0,48],[-116,16],[-29,-96],[0,-16],[-87,-64],[-58,-33],[0,-48],[-29,-32],[-29,-64],[-57,-16],[-58,-112],[29,-16],[58,-33],[-29,-128],[57,-16],[29,-32],[87,64],[29,-48],[29,-145],[-174,-144],[-28,-32],[-29,-16],[0,-32],[-58,-33],[-29,-80],[0,-112],[-58,0],[-58,-16],[-58,-97],[-87,-32],[-29,-32],[-86,16],[-87,-16],[-145,-112],[-29,-80],[145,-161],[0,-80],[-29,-16],[-29,48],[-87,-16],[-58,-97],[0,-64],[-58,-16],[-29,16],[0,-32],[-29,-16],[29,-144],[-29,0],[-58,-49],[58,-80],[0,-64],[0,-32],[0,-32],[-58,0],[0,-113],[-28,0],[-29,-80],[-58,-64],[87,-81],[-29,-48],[-29,-32],[0,-32],[-29,-64],[29,-161],[-58,-80],[-87,0],[0,-64],[-58,-96],[-58,-17],[-58,-32],[-29,0],[-29,-16],[0,-192],[29,0],[29,-33],[-29,-64],[29,-48],[0,-32],[58,0],[29,-48],[0,-16],[29,-48],[-29,-33],[-29,0],[-87,-47],[29,-81],[58,-48],[0,-32],[-58,32],[-29,-48],[29,-64],[0,-16],[0,-97],[58,-64],[-58,-32],[-58,32],[0,32],[-58,48],[-57,0],[-87,-176],[29,-16],[-87,-145],[29,-32],[-58,-96],[29,-33],[29,-32],[0,-48],[58,-16],[29,-32],[-87,-16],[-29,-48],[58,-32],[0,-81],[29,0],[115,-128],[0,-48],[0,-16],[-115,0],[-203,-80],[-87,16],[0,112],[-29,64],[-173,65],[-29,-16],[-58,16],[-58,64],[0,112],[-87,48],[29,32],[-87,48],[0,33],[-58,64],[-58,16],[-86,32],[-145,-32],[0,-97],[-145,65],[-116,-16],[-28,-65],[-87,0],[-58,-48],[-29,-16],[0,-48],[-174,-32],[0,-16],[0,-16],[-29,-16],[-58,48],[-29,48],[-87,16],[-29,-16],[-28,-80],[-87,32],[-145,-96],[-29,48],[-29,0],[-58,-241],[-29,-32],[-57,-32],[-58,96],[-29,-16],[-116,80],[-29,-16],[-58,16],[-58,0],[29,-144],[-29,-48],[-29,16],[-29,-80],[-58,32],[-58,128],[-87,-32],[-28,0],[-87,-96],[-87,0],[-58,64],[-87,-80],[-58,0],[-28,-65],[-87,-64],[-29,16],[-58,16],[0,64],[0,33],[-29,0],[0,96],[-29,0],[-58,64],[-58,0],[-58,-32],[-58,64],[0,81],[-173,80],[-87,0],[0,32],[-29,16],[58,48],[86,0],[29,32],[87,16],[29,80],[58,0],[58,49],[29,96],[0,64],[-29,16],[58,32],[0,32],[58,113],[58,32],[0,48],[-29,32],[0,48],[29,17],[0,64],[29,16],[29,48],[87,32],[0,48],[57,16],[58,0],[29,65],[87,-16],[0,80],[58,64],[0,48],[29,0],[58,-48],[115,16],[29,48],[58,-16],[-29,32],[29,48],[87,-16],[58,32],[29,32],[-58,81],[-87,32],[0,64],[58,32],[-29,48],[87,65],[29,0],[0,80],[-116,160],[-29,-32],[-58,49],[-87,-17],[-57,97],[-29,16],[0,16],[-29,16],[0,48],[-29,-16],[0,48],[-116,48],[0,-32],[-58,-16],[0,-64],[-58,-16],[-144,32],[-29,-128],[-116,-65],[-29,33],[-145,0],[-29,-33],[29,-32],[-29,-48],[-58,0],[0,32],[-29,16],[-29,-32],[-86,16],[-87,-16],[-58,48],[-87,-16],[-29,16],[-116,-96],[-86,-16],[-29,-64],[-29,0],[-29,80],[58,96],[-29,49],[58,64],[-58,64],[29,48],[-58,-16],[-29,32],[-58,32],[0,32],[58,48],[0,33],[-116,16],[-29,-16],[-29,16],[58,208],[29,32],[29,0],[29,97],[-29,16],[0,96],[-58,16],[-29,32],[0,49],[-87,192],[0,113],[116,112],[29,161],[116,112],[0,32],[29,32],[0,64],[0,81],[-29,80]],[[897,7225],[58,80],[58,48],[0,32],[0,49],[29,0],[58,64],[0,96],[58,112],[87,97],[57,-16],[58,128],[0,48],[58,32],[29,-16],[87,65],[-58,176],[0,32],[-29,-16],[-29,16],[0,48],[-116,17],[0,48],[-28,32],[-29,48],[-87,0],[29,145],[29,16],[289,0],[58,16],[87,144],[0,97],[58,31],[0,65],[144,64]],[[1852,9023],[58,0],[87,-64],[29,32],[58,-48],[116,0],[58,48],[87,-16],[86,64],[0,64],[87,-16]],[[2518,9087],[29,-96],[116,0],[29,-48],[58,16],[0,-49],[57,-16],[29,33],[58,128],[87,16],[0,16],[87,-16],[0,32],[58,0],[29,48],[116,-32],[29,-48],[58,-16],[57,16],[58,48],[58,16],[29,48],[116,65],[-29,32],[58,32],[29,-48],[58,-16],[0,96],[29,48],[0,16],[86,48],[29,-16],[29,-48],[58,32],[29,48],[29,17],[29,-33],[0,-48],[29,16],[58,65],[87,48],[231,64],[174,177],[29,80],[29,16],[29,-16],[0,32],[58,0]],[[4834,9890],[-87,80],[58,32],[29,33],[-58,47],[0,17],[58,32],[29,-16],[28,32],[29,0],[0,-65],[58,-47],[29,31],[-29,33],[58,32],[116,-16],[0,-49],[-29,-48],[-29,-64],[116,-80],[58,-16],[29,-49],[87,-47],[58,-17],[28,17],[116,-177],[87,-16],[0,-97]],[[5673,9472],[-145,-224],[-29,0],[-115,-129],[-29,-112],[0,-97],[-58,-32],[58,-32],[58,-128],[57,-64],[58,-17],[87,33],[58,-48],[-29,-65],[-58,-48],[0,-96],[-29,-16],[-29,-80],[58,-177],[-173,-80],[0,-97],[29,-80],[28,0],[58,-128],[87,-113],[58,0],[174,32],[58,-16],[29,-64],[57,-48],[0,-64],[29,-81],[0,-48],[58,-64],[87,0],[58,-48]],[[1158,4335],[29,64],[-58,16],[0,48],[58,48],[58,129],[57,16],[29,-48],[58,16],[58,48],[-58,32],[174,64],[58,0],[115,113],[-57,16],[57,48],[-57,64],[-58,-16],[-29,48],[-203,-64],[-58,-80],[-29,16],[-28,-16],[0,48],[-58,16],[-29,-16],[-29,16],[-29,-32],[-58,-48],[0,-16],[-58,0],[-29,32],[0,16],[0,64],[58,48],[29,81],[116,80],[-29,80],[58,64],[0,48],[29,16],[-58,113],[115,112],[0,-16],[29,16],[29,129],[29,64],[-87,16],[29,48],[0,48],[58,161],[0,16],[-115,0],[-116,32],[0,32],[-58,48],[-232,0],[-29,49],[-29,16],[0,48],[-58,0],[0,16],[-29,337],[-29,96],[87,145],[58,32],[0,80],[29,48],[0,48],[58,65],[-29,32]],[[7439,13342],[86,96],[0,96],[29,97],[116,96],[87,-16],[145,48],[58,112],[-58,145],[-87,161],[0,48],[29,16],[-29,32],[29,32],[-29,64],[0,32],[-58,49],[0,80],[29,0],[29,48],[-58,32],[29,129],[0,64],[-58,16],[-58,48],[58,48],[29,48],[58,-32],[87,0],[29,-48],[87,-32],[57,48],[29,64],[58,-32],[29,32]],[[8191,14963],[87,-48],[0,-80],[145,112],[29,-32],[0,-48],[29,-32],[115,16],[116,128],[58,32],[58,49],[116,16],[29,48],[58,64],[87,-16],[115,64],[29,-16]],[[9262,15220],[0,-16],[-29,-32],[0,-48],[0,-48],[-58,0],[-86,-129],[86,-208],[-29,-257],[58,-16],[0,-32],[0,-33],[-29,0],[29,-80],[-29,0],[-29,-16],[0,-48],[-28,-32],[86,-48],[29,-97],[-87,0],[-57,-80],[-58,16],[29,-96],[0,-81],[29,-112],[0,-64],[86,-48],[58,-97],[-87,-112],[0,-64],[-57,-81],[29,-64],[-58,-16],[0,-48],[-29,-32],[0,-48],[-29,-32],[-29,0],[-58,-113],[29,-64],[29,0],[0,-48],[58,-16],[115,-177],[87,32],[29,-32],[58,-16],[29,-32],[58,48],[0,-48],[87,-32],[0,-80],[57,-33],[116,33],[0,-33],[-29,-16],[58,-32],[87,48],[58,113],[145,-16],[58,16],[58,96],[-29,32],[0,32],[58,-16],[86,49],[87,-33],[58,0],[29,-64],[58,16],[0,64],[0,33],[58,160],[-58,0],[-29,48],[-58,-16],[0,48],[-29,17],[-87,112],[58,32],[0,161],[29,32],[58,16],[-58,96],[29,32],[-58,81],[0,31],[29,16],[0,49],[-58,16],[-58,-32],[-29,16],[-28,-65],[-29,0],[-87,49],[-29,112],[29,48],[0,64],[58,65],[29,0],[86,80],[-57,80],[28,32],[87,65],[29,32],[0,144],[58,16],[87,65],[29,80],[58,16],[29,32],[29,0],[115,128],[116,49],[58,48]],[[10883,