{"type":"Topology","transform":{"scale":[0.0007391437308868505,0.0005600144166409232],"translate":[121.6516,40.8636]},"arcs":[[[8413,5709],[238,78],[74,49],[-15,49],[-45,20],[45,20],[0,59],[15,19],[-45,59],[45,59],[-45,29],[-15,79],[15,39],[30,-29],[104,-20],[74,177],[45,0],[119,107],[44,10],[119,-137],[-14,-30],[29,-68],[15,-89],[-44,-127],[29,-177],[75,-88],[59,-118],[15,-88],[74,-98],[0,-49],[75,-49],[0,-108],[74,-69],[-30,-88],[74,-39],[90,-275],[44,-39],[89,29],[90,-58],[178,88],[45,-10],[74,49],[0,69],[-30,49],[30,88],[-15,30],[-15,88],[60,78],[59,-39],[30,20],[44,-10],[194,137],[327,0],[0,30],[59,19],[0,39],[15,20],[-15,39],[104,89],[30,-20],[30,39],[59,20],[30,-20],[74,-127],[-15,-98],[15,-59],[74,-49],[45,29],[15,49],[30,0],[14,69],[75,59],[59,0],[30,59],[119,107],[-45,-156],[75,-79],[-30,-39],[15,-39],[74,-187],[45,-49],[0,-49],[14,-78],[104,-69],[105,0],[0,-69],[148,-59],[119,-107],[60,-99],[59,0],[45,59],[59,30],[30,29],[74,-39],[104,-98],[74,19],[75,59],[89,10],[-30,-59],[15,-88],[-30,-29],[-29,-79],[-15,-118],[-60,-58],[-15,-59],[30,-30],[-15,-98],[-59,-59],[0,-49],[-60,-10],[-29,-78],[29,-98],[30,0],[0,-49],[-44,-39],[-105,19],[-14,-19],[29,-98],[-74,-10],[-74,29],[-60,-29],[-59,39],[-45,0],[-59,-69],[-30,10],[-30,-29],[-29,29],[-45,0],[-149,-59],[-208,-147],[75,-78],[104,29],[74,-59],[59,-147],[-29,-59],[-45,10],[-30,-78]],[[12054,2953],[45,-50],[15,-78],[44,-29],[-89,29],[0,30],[15,39],[-45,29],[15,30]],[[12054,2953],[-59,127],[15,30],[-15,29],[-60,-20],[-14,-29],[29,-49],[-44,-30],[-30,30],[15,69],[-15,19],[-59,-29],[-30,58],[-75,59],[-14,69],[-45,10],[-30,49],[15,98],[-15,49],[30,157],[-208,20],[0,9],[45,20],[-30,39],[44,30],[-29,29],[-134,-29],[-45,29],[-44,-19],[-15,58],[-45,0],[-44,-39],[44,-19],[-15,-20],[-74,0],[0,-39],[30,-40],[-45,0],[0,-78],[-44,-118],[0,-29],[-45,-49],[-15,-69],[15,-68],[30,-10],[-30,-10],[0,-69],[-15,30],[-15,-30],[15,-10],[-15,-29],[30,-20],[-45,-59],[0,-186],[-44,-69],[-74,-9],[-60,59],[-30,-20],[30,-20],[-15,-49],[-30,0],[-44,-88],[-134,147],[-30,-20],[-29,30],[-15,-39],[-30,0],[0,39],[-30,10],[-15,-30],[30,-49],[-30,0],[0,39],[-29,-19],[-15,-30],[30,-29],[-119,-29],[-15,-40],[30,-49],[-75,-10],[60,-9],[-45,-49],[30,0],[-15,-40],[-45,-9],[0,-30],[30,0],[0,-39],[30,-20],[-89,-39],[15,-29],[-60,-10],[-15,-39],[-44,0],[-15,29],[0,-29],[-45,-10],[-15,-69],[-29,-20],[-60,0],[-15,-98],[-59,-39],[-30,30],[-74,0],[-30,29],[-59,-10],[-30,20],[-74,-59],[-45,10],[-30,29],[-44,-10],[-45,-59],[-104,0],[-89,40],[-372,10],[-119,-30]],[[8680,2050],[-104,196],[-29,30],[0,59],[-60,49],[-59,127],[-90,39],[30,69],[60,0],[44,69],[75,19],[44,69],[45,118],[-15,19],[15,59],[-15,69],[-89,98],[15,59],[-119,49],[29,20],[-74,58],[30,20],[0,29],[-45,20],[0,39],[-59,49],[-60,0]],[[8249,3482],[-59,89],[0,58],[-312,236],[29,49],[15,108],[-29,39],[59,10],[45,39],[59,-10],[15,98],[59,89],[-15,39],[-44,39],[15,30],[-15,29],[89,20],[30,137],[-15,19],[15,89],[30,39],[59,29],[0,40],[74,78],[15,10],[119,128],[30,9],[15,30],[59,29],[15,69],[-15,49],[-163,59],[-30,78],[0,59],[-119,88],[15,69],[15,0],[0,49],[104,108]],[[5455,4287],[119,39],[44,49],[60,-30],[89,20],[74,59],[60,-10],[0,59],[-30,69],[-59,9],[-15,40],[-60,39],[-44,78],[15,49],[-15,20],[44,118],[0,68],[-104,206],[-15,118],[30,59],[119,10],[60,-30],[44,59],[74,20],[-29,167],[-30,19],[0,59],[149,177],[29,-20],[0,29],[45,20],[0,29],[59,0],[30,40],[74,-20],[15,39],[104,-29],[119,10],[0,29],[60,69],[-60,19],[45,89],[-30,39],[-30,78],[60,30],[-30,20],[15,48],[-74,0],[15,50],[-30,58],[30,30],[-45,59],[59,29],[90,-10],[44,20],[0,29],[89,10],[45,-49],[149,-49],[118,39],[60,-39],[30,30],[104,0],[29,39],[45,19]],[[7298,6611],[59,49],[0,40],[75,-10],[44,59],[45,9],[0,-39],[45,-29],[29,0],[30,49],[104,-20],[45,10],[208,-98],[15,-49],[-30,-49],[-74,10],[-15,-20],[-15,-59],[59,-78],[-29,-69],[178,-206],[15,-49],[-45,-49],[45,-69],[74,-49],[45,69],[15,-186],[74,-49],[89,19],[30,-39]],[[8249,3482],[-29,10],[-15,-69],[-90,-39],[0,-69],[-44,-29],[-30,-59],[-74,-49],[-74,-20],[14,-48],[-44,-30],[0,-49],[-149,49],[-44,88],[-45,-10],[-45,-58],[-74,19],[74,177],[-74,88],[-15,98],[-134,-19],[-14,9],[-90,-29],[-74,29],[-74,0],[-15,-39],[-89,-19],[-30,-59],[15,-59],[-60,-59],[-29,-10]],[[6897,3227],[-15,40],[-119,68],[-134,-108],[-59,30],[-119,-10],[-45,39],[15,59],[-15,69],[15,49],[-30,29],[-44,-20],[-45,10],[-104,-68],[-44,29],[-238,0],[-45,49],[-74,30],[-45,117],[-59,39],[0,49],[-45,79],[-74,49],[-45,-29]],[[5529,3826],[-104,88]],[[5425,3914],[0,39],[60,-39],[44,19],[-15,30],[75,29],[-30,40],[-74,9],[-75,128],[0,39],[45,79]],[[3671,8210],[-119,-78],[-282,-226],[0,-19],[30,-50],[-15,-29],[-223,-49],[-104,-118],[-89,-147],[-134,-29],[-30,-69],[-44,-10],[-45,-59],[-178,-117],[0,-10],[-45,-79],[119,-196],[15,-59],[-297,-127],[-208,-147],[-45,-79]],[[1977,6513],[-104,-19],[-238,-177],[-134,-49],[-119,-157],[-104,0],[-223,-108],[-148,10],[-75,39],[30,98],[0,285],[-89,19],[0,89],[-30,58],[-89,30],[0,39],[-30,39],[-15,99],[15,49],[60,39],[-15,39],[-60,0],[15,29],[30,-19],[45,29],[-90,30],[-29,127],[-45,79],[45,39],[0,147],[29,39],[30,79],[-15,127],[45,69],[74,10],[60,49],[0,108],[-134,29],[0,128],[45,78],[-15,69],[-134,49],[-89,69],[-45,147],[30,9],[15,49],[-45,128],[-44,29],[-90,10],[-74,-29],[0,-30],[-89,10],[-89,39],[-45,69],[15,29],[45,-9],[29,59],[30,-20],[104,176],[0,59],[-15,79],[-59,49],[15,20],[89,39],[44,-39],[60,19],[59,-59],[60,10],[104,-98],[15,-79],[148,-49],[60,-58],[15,-49],[74,49],[-15,9],[45,49],[44,-9],[15,88],[119,-20],[45,-49],[14,-137],[283,-157],[104,137],[-60,108],[45,59],[45,137],[-30,69],[15,157],[312,49],[104,59],[-15,59],[30,19],[30,89],[104,78],[133,-29],[75,-49],[44,29],[75,0],[59,29],[89,-48],[45,39],[193,9],[74,30],[45,49],[74,0],[15,0],[0,-79],[30,10],[15,40],[29,0],[0,-89],[30,-19],[-30,-40],[30,-68],[45,0],[-30,-49],[30,-40],[-30,-19],[30,-39],[0,-40],[29,-49],[-14,-29],[-45,10],[30,-59],[-60,-49],[30,-98],[74,-30],[30,-59],[-15,-29],[-30,-10],[45,-59],[-89,-39],[15,-49],[89,-29],[-30,-20],[15,-20],[30,10],[15,-29],[44,-20],[-15,-39],[30,-10],[-15,-39],[30,-39],[104,19],[0,-59],[45,-9],[0,-69],[14,-20],[104,0],[15,-39],[-15,-49],[15,-59]],[[3671,8210],[45,-39],[104,29],[45,-58],[59,-20],[45,29],[0,40],[74,-30],[59,30],[60,-10],[59,39],[15,-49],[74,29],[60,-29],[15,29],[-15,59],[59,88],[45,-68],[134,-10],[-30,-39],[15,-69],[59,-29],[-29,-49],[44,-10],[45,49],[74,-20],[104,30],[45,-20],[0,39],[59,-59],[30,0],[74,89],[60,19],[-15,59],[59,-29],[104,29],[60,49],[104,-9],[0,-40],[15,-10],[0,-58],[15,-69],[-30,-118],[59,-19],[-15,-10],[45,-88],[30,9],[44,-29],[0,-59],[45,0],[89,-69],[45,0],[74,-58],[89,0],[30,-20],[0,-10],[104,-29]],[[6109,7622],[30,-40],[-15,-49],[15,-147],[-30,-19],[-15,-50],[45,-78],[-30,-20],[-60,20],[-29,-39],[-45,10],[-30,-98],[0,-108],[-118,-40],[-45,20],[-74,118],[-90,-10],[0,29],[-133,157],[-75,0],[-59,-68],[-164,-49],[-74,39],[-30,-39],[-89,10],[-74,-50],[-45,20],[-44,-20],[104,-49],[0,-19],[-119,-49],[-89,10],[-30,-40],[-30,0],[0,-19],[-119,49],[-29,-40],[-134,-68],[-30,10],[-74,-49],[15,-49],[-30,-20],[-15,20],[-59,-40],[-45,10],[-119,-39],[0,-39],[-89,-99],[15,-29],[-45,-59],[119,-108],[-104,-59],[89,-98],[0,-78],[15,-29],[-45,-79],[15,-69],[60,-29],[148,20],[-44,-69],[30,-39]],[[4192,5876],[-149,-49],[-164,-20],[-118,-137],[-253,-89],[-89,10],[-30,30],[-282,-30],[-253,10],[-15,0],[30,49],[-104,88],[-30,49],[-45,-49],[-74,20],[-342,-39]],[[2274,5719],[0,19],[60,157],[-90,20],[-74,186],[-74,108],[-104,39],[-15,69],[30,10],[15,39],[-15,128],[-30,19]],[[6109,7622],[30,39],[89,-20],[15,40],[29,0],[15,49],[75,-10],[104,88],[15,-20],[29,20],[30,-10],[119,39],[104,-58],[30,-49],[119,-30],[44,-78],[45,29],[15,-29],[163,9],[15,-117],[104,-118],[0,-10],[59,-98],[0,-49],[-104,-29],[-44,-148],[30,-88],[59,-98],[-15,-68],[15,-50],[-15,-98],[15,-49]],[[5455,4287],[-178,147],[0,29],[44,39],[0,40],[-104,19],[0,49],[-74,157],[0,118],[-60,-20],[-44,-68],[15,-30],[-30,-29],[15,-39],[0,-30],[-119,-59],[-45,10],[-15,49],[30,20],[0,68],[15,20],[30,186],[15,40],[-15,10],[0,