{"type":"Topology","transform":{"scale":[0.0004698152784356179,0.0003446497636441774],"translate":[118.8501,38.6774]},"arcs":[[[6407,4239],[70,-15],[164,-64],[24,-64],[0,-80],[23,-31],[164,47],[46,-79],[47,16],[47,-32],[70,0],[70,-112],[47,16],[47,48],[23,-32],[0,-48],[70,-79],[47,47],[47,0],[23,16],[70,-47],[94,0],[210,-144],[0,16],[-23,16],[47,16],[0,80],[23,63],[-47,32],[0,32],[24,32],[23,0],[24,16],[-47,64],[0,32],[163,-16],[24,31],[187,16],[47,48],[70,80],[47,0],[70,-16],[23,48],[47,16],[23,16],[-23,47],[47,96],[47,64]],[[8606,4431],[23,-80],[70,16],[23,-32],[0,-96],[24,-31],[70,-48],[-23,-32],[46,-80],[47,0],[117,-95],[47,95],[23,-16],[47,32],[117,-48],[23,16],[94,-79],[47,0],[46,-80],[47,32],[70,-16],[24,-32],[46,-16],[24,32],[46,-16]],[[9704,3857],[0,-16],[-23,-64],[-47,-16],[24,-47],[23,-32],[0,-32],[141,-32],[46,-64],[-23,-95],[0,-32],[70,-32],[-23,-48],[46,-64],[24,-319]],[[9962,2964],[-328,0],[-46,-15],[-71,-176],[-46,-64],[-94,-47],[-47,-96],[-23,-64],[-94,-287],[-23,-366],[23,-175],[117,-319],[24,-303],[0,-48],[-24,-32],[-1543,-16],[-538,48],[-468,0],[-70,-64],[-70,-79],[0,-96],[-23,-96],[-47,-79],[-210,-96],[-94,0],[-70,-32],[-257,-207],[-70,-16],[-211,-112],[-140,48],[-164,16],[-47,-80],[-47,48],[-70,-16],[-70,-79],[-140,-64],[-164,48],[-47,47],[-23,96],[-117,223],[-187,192],[-47,191],[24,48],[280,79],[47,32],[23,192],[47,127],[444,144],[71,47],[93,144],[-23,127],[-94,80],[-163,64],[-211,207],[-47,287],[24,191],[70,143],[140,128],[70,48],[141,175],[70,271],[70,96],[140,191],[164,96],[327,47],[70,32],[24,48],[23,96],[70,159],[117,143]],[[4607,10360],[47,-48],[0,-32],[23,-16],[0,-63],[70,-208],[-23,-127],[-47,-48],[23,-144],[-23,-15],[0,-80],[47,0],[70,-48],[140,48],[94,-64],[0,-80],[23,-47],[94,-64],[70,0],[0,-16],[0,-64],[-70,-127],[0,-48],[0,-32]],[[5145,9037],[-24,-64],[-70,-32],[-23,-47],[46,-64],[-23,-96],[0,-16],[-140,-32],[-141,-159],[-116,0],[-118,-64],[-23,-16],[23,-63],[-23,-48],[-70,-48],[-70,-32],[0,-143],[-47,0],[0,-160],[-47,0],[-23,16],[-23,-64],[-47,64],[0,-64],[-47,-16],[-47,-63],[0,-48],[-47,-32],[0,-80],[24,-63],[-47,-32],[0,-16],[47,-64],[0,-32],[-94,-64],[94,-48],[23,-15],[-23,-32]],[[4069,7300],[-24,16],[-93,-48],[-23,16],[23,48],[-70,-64],[-47,0],[-23,-32],[-47,-32],[-47,-159],[-93,-48],[-24,-80],[-47,0],[-46,48],[-47,-16],[-47,-48],[24,-159],[-24,-32],[-70,-112],[-94,80],[-23,-16],[-70,80],[-23,0],[-24,-96],[-47,16],[-23,-80],[-47,32],[-93,0],[-24,-95],[-47,0],[-23,48],[23,31],[24,32],[23,48],[0,32],[-23,32],[-94,0],[-23,111],[0,32],[-47,48],[0,32],[-93,64],[-24,-16],[-117,-48],[-23,-32],[47,-80],[23,-111],[-93,-191],[-24,-16],[-47,63],[-23,0],[-47,-63],[-23,-64],[-70,16],[-24,32],[-70,32],[-23,-32],[23,-96],[-23,-48],[-70,-79],[-94,47],[-47,-15],[-47,-80],[47,-16],[-70,-128],[-47,16],[0,64],[-46,48],[-70,48],[-71,-64],[-46,32],[-47,16],[-23,-80],[-24,-64],[0,-32],[-23,-31],[-94,-16],[0,-32],[-47,-48],[-23,-48],[0,-32],[-23,-48],[-24,-15],[-70,0],[-47,-32],[-70,-112],[-117,-32],[-47,-64]],[[818,5578],[-116,32],[-47,-32],[-24,112],[71,80],[23,32],[-23,31],[-47,16],[-117,-79],[-47,32],[-47,-32],[-23,48],[-47,31],[-23,-16],[-70,32],[-47,64],[-23,80],[-118,16],[24,63],[-47,16],[-70,64],[0,32],[23,80],[47,79],[47,271],[23,16],[117,-32],[47,32],[70,64],[0,48],[-163,32],[-24,63],[0,48],[47,64],[164,-48],[23,48],[47,-16],[23,64],[0,127],[94,0],[140,144],[0,32],[-47,47],[24,32],[70,0],[0,80],[70,32],[23,64],[-23,63],[0,48],[117,0],[23,64],[24,-32],[0,-16],[0,96],[23,32],[0,32],[-47,47],[47,32],[47,0],[46,64],[0,48],[71,80],[-71,159],[-23,48],[0,48],[94,16],[23,47],[-140,64],[-70,96],[-24,0],[0,63],[-23,128],[47,64],[-24,32],[-23,0],[23,47],[-47,64],[0,32],[47,48],[24,79],[23,96],[-23,48],[46,111],[-46,32],[0,112],[116,143],[24,96],[-24,32],[24,48],[-24,63],[-46,32],[-94,0],[-23,48],[23,48],[-47,16],[-23,80],[-47,16],[-47,31],[94,128],[0,48],[70,48],[94,79],[23,-16],[140,64],[24,32],[93,48],[47,111],[47,-47],[47,-48],[0,-96],[-24,-64],[0,-31],[70,31],[24,-63],[47,-16],[23,-32],[23,-16],[24,-32],[116,-16],[24,-48],[47,0],[23,-32],[47,16],[93,-16],[24,16],[70,-32],[23,-47],[-23,-48],[0,-64],[-47,-32],[24,-48],[0,-63],[93,-80],[24,-80],[23,-64],[23,-32],[24,-63],[70,-64],[0,-128],[70,-63],[0,-64],[47,-64],[0,-80],[23,-15],[47,0],[-24,-112],[0,-16],[24,-32],[-24,-32],[24,-47],[-24,-96],[24,0],[70,-48],[47,16],[70,80],[-23,79],[0,48],[116,160],[24,63],[47,32],[93,80],[47,-16],[23,16],[-46,80],[70,15],[-24,32],[47,32],[0,48],[47,32],[0,32],[93,48],[71,-48],[23,80],[70,0],[24,15],[0,48],[70,64],[0,32],[-70,112],[23,31],[140,96],[47,0],[47,64],[23,0],[47,-32],[70,32],[187,159],[117,0],[164,96],[23,48],[47,0],[70,32],[70,-64],[70,0],[24,-32]],[[9704,3857],[47,80],[24,16],[70,-32],[0,127],[117,80],[70,0],[0,32],[93,95],[0,48],[-23,32],[-47,-16],[-23,64],[70,159],[47,0],[46,64],[24,-16],[70,96],[47,32],[0,63],[0,32],[47,32],[70,160],[-24,47],[24,64],[0,96],[23,79],[-70,16],[0,144],[0,48],[-47,48],[70,47],[-23,64],[0,48],[-47,48],[-70,16],[-117,79],[-70,-31],[-23,15],[-24,48],[-47,64],[24,96],[47,47],[-94,144]],[[9985,6232],[23,16],[0,95],[71,-15]],[[10079,6328],[116,-32],[71,-64],[47,0],[0,-32],[70,48],[23,64],[117,0],[70,31],[94,-63],[117,-32],[93,64],[23,47],[71,-31],[163,15],[24,-63],[23,32],[47,-16],[23,47],[-23,32],[23,64],[-23,48],[47,127],[-71,32],[0,32],[-23,16],[0,64],[-23,47],[-24,80],[94,0],[117,-64],[47,48],[46,0],[24,112],[47,48],[70,0],[46,-32],[24,-32],[23,16],[23,-32],[0,-48],[24,0],[117,48],[47,0],[140,-64],[93,80],[-23,32],[70,32],[141,-32],[70,16],[23,95],[47,0],[70,96],[47,-48],[70,-32],[47,32],[70,-16],[140,-64],[141,0],[23,-47],[117,47],[140,-63],[70,0],[24,32],[117,-16],[23,32],[117,-32],[47,-48],[46,-96],[24,-32],[47,0],[-24,-79],[24,-32],[70,0],[0,32],[23,16],[70,-16],[0,47],[47,0],[23,-16],[0,-79],[-23,-64],[23,-32],[70,-32],[24,48],[-47,16],[23,32],[47,16],[24,-16],[0,-64],[-71,-63],[47,-80],[47,-16],[24,16],[0,48],[46,0],[24,-16]],[[14335,6519],[0,-32],[-24,-48],[24,-16],[163,64],[70,-48],[24,-64],[0,-47],[-141,-144],[24,-32],[70,-32],[0,-47],[-140,-32],[-24,0],[-46,47],[-47,-15],[-47,-144],[-94,0],[-70,-32],[-23,-127],[-70,16],[0,-112],[0,-16],[-47,0],[-47,64],[-93,-32],[-94,48],[-23,-16],[-24,-64],[-23,-32],[-117,-32],[-187,-111],[-164,-96],[-46,-32],[-24,-48],[24,-31],[70,-32],[0,-32],[-24,-48],[-23,0],[-47,32],[-46,16],[-71,-48],[-23,-16],[-47,32],[0,48],[-23,16],[-94,-160],[-117,-95],[-117,-64],[-46,-160],[-234,-95],[-234,-207],[0,-32],[-47,-80],[-70,-16],[-23,-48],[-70,-63],[-71,-128],[-70,-48],[0,-47],[70,-112],[-47,-143],[-163,-96],[-70,-16],[-24,-32],[-46,-64],[0,-79],[-94,-112],[-47,-414],[-93,16],[-94,-16],[-631,47],[-491,-16]],[[10032,12559],[23,-16],[0,32],[24,16],[-24,16],[24,16],[0,16],[23,0],[47,48],[-24,16],[0,-16],[-23,32],[70,80],[0,15],[23,16],[-23,32],[23,80],[24,80],[0,32],[23,0],[0,15],[24,16],[-24,16],[0,32],[-23,0],[0,16],[0,32],[47,16],[0,48],[23,32],[-47,32],[24,0],[0,31],[23,-15],[47,15],[-47,48],[47,16],[-23,32],[46,32],[-23,16],[23,32],[-23,0],[23,32],[-46,111],[23,0],[0,16],[23,80],[70,63],[0,96],[47,32],[24,-16],[23,32],[164,-96],[0,-64],[-47,-47],[47,-64],[70,-32],[-24,-32],[24,-48],[47,16],[46,-31],[164,-208],[164,32],[23,-32],[23,-95],[24,16],[70,-32],[23,16],[0,-16],[71,32],[46,-48],[71,0],[0,-16],[23,0],[23,-80],[-23,-64],[47,-79],[46,-16],[47,-48],[47,-32],[70,-80],[70,-47],[-210,-224],[93,-79],[94,16],[47,-48],[0,-48],[-24,-48],[-70,-16],[-23,-32],[-24,0],[-23,-31],[0,-32],[23,-32],[141,0],[0,-32],[23,-16],[0,-112],[47,0],[-24,64],[24,32],[93,48],[47,-16],[0,48],[94,63],[46,48],[0,48],[71,48],[-24,0],[24,48],[46,0],[-23,64],[47,15],[46,160],[117,48],[94,143],[47,-16],[46,32],[47,-16],[70,32],[0,-32],[-23,-32],[0,-32],[23,-63],[-70,-80],[0,-48],[-47,0],[47,-64],[0,-47],[24,-80],[0,-16],[0,-16],[-24,-48],[24,-16],[-47,-159],[23,-207],[47,-64],[47,16],[23,63],[23,16],[94,-47],[24,-48],[23,-48],[-23,-48],[23,-16],[-47,-80],[47,-63],[-47,-64],[47,0],[47,-32],[0,-32],[0,-64],[46,-47],[94,32],[47,-16],[-24,-64],[-23,-16],[23,-64],[-46,-111],[46,-48],[-23,-16],[0,-32],[47,