{"type":"Topology","transform":{"scale":[0.002072843404621789,0.0014002198188692518],"translate":[97.1741,37.4084]},"arcs":[[[12005,6975],[-85,71],[-69,0]],[[11851,7046],[-26,-16]],[[11825,7030],[-6,-4],[-5,-4]],[[11814,7022],[-11,-43]],[[11803,6979],[-31,0]],[[11772,6979],[-59,4],[-5,0]],[[11708,6983],[-85,-51],[-85,24],[-63,-36]],[[11475,6920],[-165,114]],[[11310,7034],[0,4]],[[11310,7038],[0,24]],[[11310,7062],[38,23]],[[11348,7085],[5,4],[10,31]],[[11363,7120],[0,8],[-63,71]],[[11300,7199],[-5,4]],[[11295,7203],[5,35],[0,4]],[[11300,7242],[-74,12],[-6,0]],[[11220,7254],[-69,55]],[[11151,7309],[-10,8]],[[11141,7317],[-5,0],[-106,-67],[-43,12],[-10,-8]],[[10977,7254],[-6,4],[-16,-24]],[[10955,7234],[-31,-27],[-22,-39]],[[10902,7168],[-5,-8]],[[10897,7160],[-53,-24],[-11,-16]],[[10833,7120],[-42,-23]],[[10791,7097],[-26,-8],[-75,63],[6,43],[-90,43],[-16,90],[-175,75],[-90,149],[-138,20],[-48,27],[-74,-24],[-111,-3],[-202,-255],[-148,125],[-143,55],[-165,-43],[-84,27],[-69,-43],[-96,-94],[-164,161],[-27,165],[138,78],[-5,200],[127,192],[-10,55],[323,691],[164,-114],[106,-39],[96,-4],[159,-79],[31,51],[96,16],[90,94],[64,24],[0,31],[47,12],[43,63],[169,43],[80,0],[47,63],[48,27],[37,67],[-21,19],[21,75],[-85,4],[-26,27],[21,28],[16,-8],[21,39],[-5,24],[26,82],[80,71],[26,55],[-15,58],[132,157],[5,91],[27,0],[-16,23],[11,20],[63,59],[-16,11],[32,24],[37,161],[196,153],[11,27],[26,-4],[11,20],[48,16],[26,51],[-10,31],[42,75],[-21,47],[10,23],[-58,43],[-11,24],[32,59],[6,66],[15,20],[-127,71],[-138,-47],[-58,7],[-10,32],[15,51],[-15,47],[121,63],[80,106],[90,70],[27,47],[100,83],[90,11],[16,-19],[48,0],[53,31],[79,8],[91,-71],[-11,-43],[42,-19],[27,-55],[-11,-36],[-32,-15],[-26,-59],[-21,-16],[-11,-47],[-101,-102],[-95,-59],[5,-11],[59,-8],[95,-83],[64,-12],[31,-86],[59,-27],[47,0],[112,164],[16,-31],[47,4],[53,-71],[16,8],[32,-70],[138,-28],[-32,-74],[-42,-12],[-6,-35],[22,-71],[26,-16],[-11,-47],[27,-78],[-5,-24],[53,-98],[-11,-27],[27,-16],[-16,-51],[47,-67],[22,-55],[79,-7],[58,-36],[143,32],[32,19],[32,55],[64,-27],[37,-43],[138,39],[47,-47],[48,-12],[11,51],[26,27],[69,-39],[58,20],[16,27],[48,-4],[32,39],[-11,36],[64,27],[0,51],[26,43],[11,-19],[106,-8],[74,-82],[95,-130],[32,-74],[27,0],[21,-55],[58,-24],[0,-23],[32,-28],[-11,-27],[11,-36],[-32,-59],[-10,20],[-11,-31],[-21,4],[5,-24],[-32,-23],[-5,-28],[-32,0],[21,-35],[-10,-43],[16,-63],[-90,-83],[-38,0],[11,-27],[-32,4],[11,-35],[-42,-67],[0,-39],[-91,-79],[32,-27],[-32,-12],[11,-31],[-48,-32],[27,-59],[-27,-43],[16,-15],[0,-91],[-10,-23],[-22,27],[-15,-15],[10,-24],[43,-24],[0,-35],[-11,4],[26,-67],[-21,-180],[-58,-51],[-43,35],[-52,4],[-48,-47],[10,-47],[-53,-90],[-5,-39],[-26,-32],[-22,-125],[-42,-67],[11,-20],[-11,-102],[32,-59],[-37,-121],[-43,-31],[27,54],[-32,20],[5,35],[-47,75],[-6,118],[-26,15],[-117,-102],[-212,-247],[-132,-67],[-59,-113],[-153,-79],[-133,-98],[-37,-102],[-217,-161]],[[3890,3099],[-21,-117],[11,-146],[84,-215],[22,-110],[122,-67],[26,-39],[32,8],[26,-28],[159,-31],[75,-67],[0,-55],[31,-90],[117,-39],[106,-130]],[[4680,1973],[-48,-62],[-21,-32],[0,-78],[-11,-20],[22,-43]],[[4622,1738],[0,-82],[21,-32],[-16,-19],[11,-36],[-75,-23],[-16,-40],[69,-58],[0,-32]],[[4616,1416],[-31,-27],[-32,19],[-64,-70],[-85,-8],[-5,-90],[-64,4],[-21,-47],[-21,-87],[-42,-55],[10,-23],[-42,-59],[0,-31],[-21,-63],[0,-79],[-16,-129],[16,-35],[-16,-59],[-21,-8],[-6,-59],[32,-94],[-16,-28],[0,-58],[-21,-59],[-69,-4],[-21,-59],[-117,8],[-270,-134],[-180,-11],[-6,-36],[-106,-35],[-148,137],[-95,130],[-133,55],[-21,141],[11,27],[74,55],[-11,79],[-42,82],[106,28],[132,172],[0,47],[53,106],[74,51],[11,87],[-74,145],[21,94],[-117,31],[-238,-90],[-48,-63],[-116,-102],[-202,47],[-79,55],[-85,-47],[-207,-63],[112,-149],[-133,-157],[-53,16],[-37,-16],[-32,40],[-106,47],[11,31],[-43,16],[-26,63],[16,54],[-127,-54],[-11,78],[-42,-27],[-6,70],[16,20],[-32,200],[-143,0],[-32,47],[-58,16],[-5,70],[-32,55],[-58,16],[-207,118],[-95,-4],[116,94],[64,12],[26,78],[90,94],[0,177],[43,82],[-11,79],[-53,105],[-63,75],[-85,12],[-228,-126],[-64,20],[0,-86],[-42,-36],[-32,16],[-26,67],[-85,-83],[5,-55],[-53,47],[-16,59],[-47,-4],[26,-55],[-138,-113],[0,294],[-138,110],[-31,51],[-223,204],[0,27],[164,134],[-323,816],[493,-102],[631,-63],[228,59],[143,-8],[21,35],[260,-12],[450,-117],[143,-200],[175,-55],[127,4],[334,-189],[217,-62],[106,3],[218,47],[0,-145],[191,-11],[37,-44],[116,110]],[[6742,4264],[148,83],[48,-4],[111,125],[85,28],[0,82],[-37,79],[-111,102],[-48,82],[-16,67],[-42,31],[-6,24],[32,98],[37,59],[11,102],[79,168],[106,91],[223,-8],[85,-102],[90,-51],[408,-79],[132,122],[96,27],[32,59],[137,130],[48,121],[80,32],[121,-40],[181,8],[164,51],[164,157],[69,8],[53,59],[-5,55],[-16,19],[16,67],[154,232],[84,23],[32,39],[249,-15],[37,109],[-5,44],[32,15],[64,0],[47,-59],[64,16],[32,51],[190,94],[75,-23],[58,-8],[26,16],[75,-20],[-6,12],[27,39],[26,8],[22,-35],[37,15],[53,-70],[47,4],[37,-28],[122,16],[75,-28],[37,24],[10,35],[48,-12]],[[10966,6610],[106,-82],[-53,-90],[-27,-4],[-47,-106],[10,-43],[-10,-24],[16,-31],[-32,-67],[16,-35],[63,-39],[-16,-59],[11,-36],[-53,-51],[-21,-54]],[[10929,5889],[-117,19],[-16,-47],[-21,0],[-32,-59],[-58,-43],[-42,-129],[63,-36]],[[10706,5594],[-21,-59],[-5,-66],[-16,-16],[10,-27],[-42,-12],[-16,-35],[-32,11],[-21,-19],[5,-47],[48,-47],[5,-44],[-37,-27],[-5,-39],[-21,-4],[-48,-67],[-95,-71],[-69,16],[-53,-39],[-16,-43],[-32,-28],[-63,-7],[-11,-44],[-53,-27],[-16,-51],[-21,-20],[-80,12],[-47,-47],[-32,27],[-48,-19],[-154,47],[-37,-67],[-138,-51],[27,-90],[-11,-20],[0,-62],[-31,-44],[-48,-19],[-21,-35],[5,-52],[-74,-7],[-21,-16],[-6,-43],[-53,-28],[-53,-137],[6,-67],[69,-47],[74,-82],[0,-98],[-27,-79],[11,-62],[79,0],[37,-48],[11,-90]],[[9519,3558],[5,-137],[-42,4],[-16,-20],[48,-51],[-11,-74],[-37,-20],[-27,16],[-10,-36],[-64,-11],[-42,35],[-48,-24],[5,36],[-31,12],[-53,-51],[-16,-51],[-37,0],[-11,-20],[11,-27],[-27,-16],[-26,0],[-43,117],[-37,-3],[-154,-118],[-95,-39],[-5,-24],[21,-55],[-21,-12],[-27,16],[-16,-27],[-63,31],[-112,-16],[16,59],[-16,83],[38,27],[-16,16],[0,102],[-53,106]],[[8507,3386],[-11,39],[-48,19],[0,32],[-47,12],[-85,-75],[26,-23],[0,-28],[-69,51],[-47,-20],[-11,-23],[-48,0],[-15,-24],[10,-23],[-16,-12],[16,-27],[-21,-36],[-58,16],[-16,55],[-48,8],[-42,47],[-43,-16],[-47,28],[-59,0],[-37,-16],[-85,-126],[-37,-11],[-16,39],[-31,0],[-38,47],[-5,31],[-42,12],[-37,43],[0,24],[-37,51],[5,39],[-21,0],[5,43],[-154,4],[-21,55],[-122,102],[-74,145],[5,55],[-111,102],[-32,75],[-32,31],[-63,12],[-106,121]],[[4728,1169],[58,4],[27,82],[5,91],[-80,-16],[-10,16],[0,160],[-22,99],[-5,90],[32,82],[-111,-39]],[[4680,1973],[69,63],[16,51],[53,39],[-11,55],[37,32],[-21,15],[0,36],[16,-8],[58,59],[59,11],[63,47],[5,28],[59,4],[10,51],[53,19],[133,-27],[32,35],[32,-55],[90,4],[31,-55],[27,-7],[21,-48],[58,-43],[27,8],[-5,-39],[58,4],[42,-24],[22,12],[-11,24],[5,0],[43,-28],[10,12],[11,-27],[48,-20],[31,20],[6,-28],[42,-12],[21,12],[0,28]],[[5920,2221],[59,23],[37,-8],[10,-27],[27,-20],[100,39],[101,-15],[27,31],[21,-16],[16,-39],[10,12],[11,-24],[26,0],[32,-43],[21,4],[6,-23],[16,7],[63,-51],[32,4],[0,-15],[16,4],[21,-24],[32,16],[26,-32],[53,40]],[[6683,2064],[138,-106],[48,-79],[16,-98],[-43,-121],[38,-48],[0,-15]],[[6880,1597],[15,-24],[-10,4],[-5,-67],[-43,-70],[-85,0],[-21,-43],[-16,4],[0,23],[-21,12],[48,86],[-11,32],[-111,-51],[-69,-106],[-27,-71],[-53,16],[-26,66],[-21,-19],[-32,27],[-16,-59],[-85,102],[-37,-4],[0,-39],[37,-70],[-95,-59],[-64,39],[-5,-20],[42,-31],[-100,-106],[-59,-129],[-31,-32],[-27,12],[-32,-35],[-21,-51],[-32,-20],[11,-51],[-43,0],[-106,-133],[0,-28],[-21,-23],[-32,-126],[53,-63],[11,-43],[-64,-74],[-42,70],[-26,12],[15,-47],[-21,-31],[6,-173],[-32,-4],[-11,-23],[-63,-4],[-6,23],[-21,4],[-95,-39],[-37,19],[-48,-31],[-64,31],[6,28],[-27,67],[-111,39],[-21,23],[-75,16],[-26,32],[-37,0],[-6,51],[-106,98],[-74,-28],[-233,98],[-32,59],[64,63],[16,43],[26,173],[127,156],[6,71]],[[10706,5594],[133,-90],[53,-137],[47,-20],[91,-94],[37,-82],[26,-12],[64,-90],