{"type":"Topology","transform":{"scale":[0.00042207156308851255,0.00036093342603858876],"translate":[104.2932,35.2386]},"arcs":[[[3072,6818],[52,16],[26,91],[0,122],[26,15],[104,-46],[182,46],[52,0],[0,61],[104,122],[0,45],[-26,107],[26,61],[-26,30],[78,76],[26,76],[-104,137],[-52,213],[26,229],[104,30],[52,122]],[[3722,8371],[78,0],[52,-61],[131,-46],[0,-30],[-78,-198],[78,0],[26,106],[26,61],[26,0],[26,-45],[78,-31],[104,107],[26,-15],[-26,-31],[-26,0],[0,-30],[78,0],[0,-16],[26,-45],[0,-31],[130,0],[78,-76],[26,-61],[-26,-106],[52,-61],[78,-152],[52,15],[52,-31],[0,-30],[-52,-61],[26,-15],[53,-15],[26,-31],[51,-15],[0,-106],[-25,-15],[-105,0],[-26,-16],[0,-106],[0,-31],[26,-15],[26,-61],[-52,-30],[-78,15],[-26,-31],[26,-60],[52,-61],[26,-76],[-26,-77],[26,-45],[0,-76],[79,-76],[0,-46],[26,-15],[78,-16],[0,-45],[26,-107],[156,-76],[78,-15],[52,15],[26,31],[0,15],[52,30],[78,31],[26,61],[-26,91],[182,152],[130,-30],[157,-15],[-26,182],[0,61],[182,167],[78,92],[0,137],[-104,0],[-26,213],[-26,30],[-26,0],[-26,76],[-26,76],[26,61],[78,46],[78,-15],[78,45],[-130,214],[-26,45],[26,46]],[[5987,8097],[494,-122],[26,0],[26,31],[157,30],[26,61],[130,-15],[52,-61],[52,-31],[208,-91],[130,-152],[78,-46],[52,-46],[-52,-136],[105,-31],[26,31],[78,-16],[26,-61],[104,-61],[208,-45],[26,-30],[0,-92],[26,-46],[-52,0],[0,-76],[-52,-45],[-78,61],[0,-16],[0,-30],[-182,-31],[-26,-15],[26,-30],[-78,-183],[-79,0],[-26,-15],[-104,46],[0,-46],[52,-31],[0,-45],[-52,15],[-26,-15],[26,0],[0,-31],[-52,-76],[-130,-15],[104,-122],[52,15],[0,-60],[-52,-76],[-52,-31],[-52,-61],[0,15],[-26,-15],[-78,-411],[26,-61],[52,-106],[52,-31],[0,-60],[0,-31],[-78,-15],[78,-107],[26,-15],[52,-61],[-26,-76],[-52,-91],[-78,61],[26,-107],[-26,-15],[-52,46],[-52,-16],[-130,122],[-104,-15],[-78,-61],[-53,31],[-51,-16],[-79,46],[0,-30],[0,-46],[-78,30],[-52,-30],[-52,61],[-104,46],[-52,-16],[52,-45],[-26,-16],[0,-30],[-26,-15],[-52,45],[-26,-15],[-182,122],[-26,-46],[0,-61],[-26,-45],[0,-46],[-78,91],[-53,0],[-26,-30],[-26,15],[-25,-15],[0,46],[-53,-16],[-52,46],[-26,-15],[0,-31],[26,-76],[52,-61],[26,-91],[-26,-46],[0,-60],[0,-107],[-52,-15],[-78,15],[26,-61],[-52,-15],[0,15],[0,15],[-26,31],[-52,76],[-26,-15],[52,-76],[-26,-31],[52,-30],[104,-137],[26,30],[52,-15],[-26,-76],[26,-31],[0,-45],[26,-15],[0,-46],[-26,-46],[-26,-76],[0,-30],[0,-46],[52,-46],[-52,0],[-130,92],[-26,-61],[-26,30],[-52,-30],[-26,-46],[-26,0],[52,-76],[-52,15],[-52,-30],[26,-91],[-52,-31],[26,-30],[-52,-31],[-52,15],[0,-15]],[[5102,3820],[-52,46],[-26,-46],[-78,0],[0,-30],[-157,-46],[-52,15],[-52,61],[-52,-45],[-52,0],[0,-61],[-78,30],[-78,-46]],[[4425,3698],[-26,31],[0,91],[-78,76],[-26,122],[-78,91],[0,92],[-78,91],[0,30],[-26,61],[-52,31],[-78,0],[26,61],[0,45],[-26,15],[-27,46],[-26,15],[26,31],[-26,0],[-52,45],[-26,16],[0,30],[-26,46],[-78,0],[-78,61],[-156,289],[-26,15],[-78,0],[-104,107],[-52,152],[0,76],[-78,76],[104,46],[52,-107],[-26,-46],[78,-76],[130,61],[-78,213],[130,76],[339,-15],[25,31],[-25,15],[-183,91],[-26,46],[104,45],[-52,31],[26,30],[156,46],[-25,46],[25,15],[79,0],[-53,76],[131,15],[52,31],[0,30],[104,91],[-26,46],[-78,15],[-78,61],[0,46],[52,137],[-26,15],[26,91],[-78,153],[0,60],[-52,16],[0,-92],[-78,-137],[-27,0],[0,-45],[-26,-76],[-52,-16],[-26,16],[26,76],[-26,30],[26,76],[0,92],[-104,0],[-52,-31],[-104,0],[-52,-15],[-130,15],[-156,-46],[-130,0]],[[4425,3698],[-182,-76],[-52,0],[0,-30],[0,-15],[-52,-16],[-26,-60],[-26,0],[-26,-46],[78,-46],[26,-91],[0,-76],[-26,-46],[-26,-15],[-52,-76],[0,-30],[26,-46],[-26,-46],[-52,15],[-26,-121],[52,-61],[0,-168],[-130,46],[-131,0],[-52,-122],[-26,0],[-26,-45],[-104,-77],[-52,46],[-78,-15],[78,91],[0,31],[-26,15],[-52,15],[-26,-30],[-52,15],[-78,-76],[-26,0],[-78,61],[-78,137],[-53,15],[-130,-76],[-52,0],[-26,-61]],[[2837,2618],[-78,152],[26,31],[-26,45],[52,31],[0,45],[-52,76],[-78,31],[-52,76],[-26,45],[52,16],[-26,30],[0,107],[-52,30],[-26,-15],[-26,167],[-78,107],[-52,-31],[-78,0],[-52,61],[0,16],[52,30],[0,46],[-26,61],[-53,15],[-25,61],[0,91],[-52,91],[0,31],[52,76],[104,15],[26,31],[52,-16],[52,16],[26,30],[0,122],[0,15],[-52,-15],[-26,15],[26,46],[-52,45],[-26,15],[0,61],[-52,31],[-26,0],[-52,30],[-79,0],[-26,213],[-26,61],[-156,31],[-104,60],[-52,-45],[-26,45],[-52,31],[-130,0],[0,15],[0,122],[-78,30],[0,46],[-52,46],[0,76],[-78,60],[-26,92],[-105,46],[-78,45],[-26,0],[-104,-106],[-130,0],[-26,15],[0,-15],[-26,0],[-52,30],[-52,91],[26,76],[26,0],[0,61],[78,-15],[52,61],[104,61],[0,30],[-52,0],[-78,31],[-26,45],[52,92],[0,15],[-78,15],[-52,-15],[-182,30],[-52,31],[-52,-31],[-105,-15],[-26,15],[-26,46],[0,15],[-234,-76],[-78,-15],[-26,30],[78,61],[26,-30],[52,0],[26,46],[78,15],[26,137],[885,45],[183,77],[312,75],[625,290],[260,91],[312,-46],[209,0]],[[5102,3820],[0,-45],[26,-31],[-26,-30],[26,-61],[-78,0],[-52,45],[-26,-45],[-52,45],[-27,0],[27,-76],[104,-30],[0,-46],[52,0],[52,-61],[52,0],[0,-45],[52,30],[52,-61],[0,-30],[-52,-61],[26,-46],[-52,0],[0,-45],[78,-31],[26,-46],[-78,16],[0,-152],[0,-16],[26,-45],[0,-46],[-78,76],[-26,-15],[0,-15],[52,-61],[26,-46],[26,15],[52,-45],[52,15],[0,91],[26,0],[78,-61],[0,61],[26,-45],[52,-31],[26,46],[0,-61],[26,15],[52,15],[79,-91],[26,-30],[52,15],[52,-46],[78,31],[26,-46],[26,30],[0,-15],[26,31],[26,-61],[26,-15],[52,-61],[52,-16],[26,-45],[0,-46],[26,-30],[0,-16],[26,46],[0,-61],[52,15],[-26,-60],[52,-31],[-52,-91],[0,-16],[0,-45],[-26,-30],[0,-46],[52,-15],[-26,-46],[-52,-46],[-26,-152],[-52,15],[-52,-45],[0,-16],[-26,-15],[0,-30],[78,0],[0,-31],[-26,0],[0,-45],[26,15],[26,-91],[26,15],[26,-46],[26,-15],[-78,-15],[52,-46],[-26,-61],[-26,31],[0,-46],[-52,46],[-26,-107],[-26,15],[-52,-15],[-26,15],[0,-76],[-26,-15],[-104,30],[0,16],[-26,0],[-26,-76],[26,0],[0,-31],[-52,0],[-105,61],[-26,46],[0,-31],[-52,-30],[-52,30],[-26,76],[-26,-30],[-26,30],[0,-45],[-156,45],[0,-45],[-26,30],[-52,-15],[-26,-31],[-78,-30],[-26,-46],[-26,-15],[0,-76],[52,-61],[0,-15],[26,-30],[0,-46],[26,-76],[-52,0],[-26,-61],[26,-46],[-26,-45],[52,-61],[0,-46],[52,-15],[-26,-76],[52,-92],[-26,-76],[52,-91],[-52,-15],[0,-76],[-52,-46],[-78,-30],[-52,-61],[-52,-16],[-52,0],[26,-61],[-53,-30],[-25,46],[-26,0],[-26,30],[-27,61],[-26,0],[-52,31],[0,76],[-52,30],[-52,46],[26,61],[-26,91],[-104,0],[-26,46],[-26,30],[0,-46],[-104,-61],[0,-60],[-52,-31],[0,91],[-52,16],[-26,137],[0,91],[52,30],[0,31],[-26,0],[-26,-46],[-26,31],[-104,-31],[-26,46],[26,15],[-26,31],[0,-16],[-26,31],[-209,30],[-26,16],[-26,0],[-26,-31],[-26,15],[0,-76],[-52,-61],[-26,15],[0,122],[-26,-15],[0,61],[0,45],[-52,-15],[-52,46],[26,30],[-78,46],[26,46],[-26,15],[0,-30],[-26,15],[0,30],[-52,0],[0,15],[0,76],[-78,46],[26,31],[26,15],[26,61],[26,-76],[26,0],[26,45],[0,46],[-52,-31],[-52,46],[-52,0],[0,15],[-26,-15],[-26,30],[-156,-76],[0,-15],[-53,0],[-26,-61],[-26,-15],[26,76],[-26,15],[-156,0],[-26,31],[-26,61],[-26,-16],[0,77],[-52,30],[-26,91],[0,-15],[-26,15],[-78,-76],[-26,31],[26,30],[-26,76],[26,31],[26,-15],[26,30],[-52,30],[-104,31],[0,30],[-26,46],[26,0],[-26,91],[26,31],[0,121],[0,16],[26,76],[26,15],[0,30],[78,46],[78,107],[78,15],[52,-15],[26,15],[26,76],[26,30],[-52,46],[0,61]],[[4035,579],[0,15],[0,-46],[-79,-30],[0,15],[-26,-15],[-130,-31],[-26,76],[26,31],[52,0],[261,91],[78,15],[-26,-106],[-26,0],[-26,45],[-26,-30],[-26,-46],[0,-15],[-26,31]],[[4087,10060],[104,-30],[104,-76],[26,-16],[0,-30],[26,-31],[182,-30],[104,46],[104,-77],[79,31],[0,-61],[52,30],[104,0],[0,-15],[-26,-45],[26,-15],[0,-16],[78,-91],[52,0],[-26,-46],[26,-30],[52,15],[0,30],[52,0],[234,-75],[0,-31],[52,-46],[104,0],[-26,-45],[53,-46]],[[5623,9360],[-53,-320],[0,-45],[-78,-168],[-312,-243],[0,-46],[156,-182],[651,-259]],[[3722,8371],[26,106],[-78,92],[0,61],[26,60],[-26,122],[52,31],[-26,106],[26,107],[26,61],[0,137],[26,30],[-26,61],[0,76],[78,122],[0,91],[26,15],[0,137],[78,61],[26,76],[105,91],[26,46]],[[4087,10060],[-52,15],[-26,31],[104,122],[0,15],[78,61],[26,15],[26,30],[52,107],[-26,30],[0,76],[52,92],[26,15],[0,30],[0,46],[78,91],[52,0],[52,-30],[130,-31],[26,16],[52,15],[26,