{"type":"Topology","transform":{"scale":[0.000921515744049626,0.0006440950207118102],"translate":[89.4067,31.6022]},"arcs":[[[9430,11155],[36,-59],[12,-77],[60,-60],[47,0],[24,-26],[48,18],[95,-86],[167,-42],[48,-69],[95,0],[36,-17],[24,-51],[167,-25],[83,-60],[24,-60],[-48,-8],[-35,-43],[0,-17],[35,-26],[-35,-68],[47,-25],[60,8],[36,-34],[71,9],[72,68],[71,42],[24,-25],[-12,-26],[36,-42],[83,-35],[84,26],[83,-17],[48,-60],[24,9],[59,-26],[36,-34],[96,-51],[35,-111],[-24,-43],[-83,17],[-119,-42],[-72,0],[-83,-34],[-24,17],[-60,-77],[0,-60],[96,-59],[36,-94],[35,34],[155,-77],[12,-8],[-24,-43],[0,-34],[12,-43],[48,-25],[0,-60],[-72,-43],[-47,-59],[-24,8],[-24,-25],[-12,-60],[-48,-43],[-35,-76],[24,-94],[-24,-128],[-36,-137],[36,-94],[0,-51]],[[10909,8622],[-12,-111],[-107,60],[-120,-60],[0,-153],[36,-68],[36,-196],[36,-60],[-12,-43],[-96,-213],[12,-137],[-24,-59],[-131,-94],[-48,-68],[-83,0],[12,-307],[-60,-34],[48,-120],[107,-102],[-24,-68],[60,-111],[-12,-34],[24,-34],[-12,-86],[48,-8],[36,-103],[83,-34],[-36,-85],[0,-60],[48,-59]],[[10718,6175],[-203,8],[-36,-60],[-47,0],[-12,-59],[-119,-9],[-24,0],[-12,77],[-48,17],[-36,-111],[-250,-111],[-71,34],[-155,-8],[-12,8],[23,60],[-59,17],[-48,-51],[0,-60],[-36,-85],[-23,-17],[-84,0],[-12,-102],[-47,-35],[-96,-8],[-24,34],[-143,26],[-36,42],[-83,0],[-36,60],[-12,0],[-23,-43],[0,-145],[-72,9],[-155,68],[-84,-17]],[[8643,5714],[-23,68],[-24,-42],[-36,59],[-36,-34],[-47,34],[-108,17],[-71,69],[-12,76],[-48,60],[-36,9],[-23,-17],[-12,34],[-72,-111],[0,-26],[-36,0],[-71,-111],[-60,-17],[-95,-170],[-167,94],[-36,102],[-107,-34],[-167,0],[0,-43],[-24,-43],[-48,-8],[24,-85],[-12,-69],[-119,0],[-48,52],[24,-103],[-12,-51],[-47,-111],[-60,-25],[-36,51],[-12,-26],[-107,85],[-72,35],[-95,93],[12,26],[-24,34],[-36,-8],[-71,59],[-72,0],[-190,171],[-143,85],[-84,0],[-119,51],[-12,-68],[-72,43],[-11,-17],[-24,0],[-48,51],[-83,17],[-84,51],[-12,51],[-12,9],[-12,128],[-59,0],[-24,25],[-12,-25],[-36,8],[-36,26],[-12,-17],[-119,42],[-35,-8],[-12,8],[-12,43],[-48,-26],[-60,26],[-47,-43],[-48,0],[-143,103],[-95,8],[-12,26],[-72,17],[-12,34],[-48,-17],[-107,17],[-59,34],[-48,-34],[-84,26],[-214,8],[-24,34],[-36,-17],[-107,17],[-36,69],[-95,-26],[-119,51],[-179,26],[-119,-9],[-155,34],[-24,26],[-84,-34],[-24,34],[-83,-17],[-262,102],[-36,60],[-84,17],[-155,-17],[-95,59],[-24,-16],[-71,34],[-60,-18],[-60,52],[-119,-17],[-274,145]],[[1836,7079],[0,85],[-60,51],[36,68],[-59,51],[11,103],[24,60],[-24,8],[0,153],[-131,35],[-95,8],[-12,26],[-83,17],[-12,34],[12,68],[-24,9],[0,34],[12,42],[24,35],[-24,25],[0,77],[12,43],[47,25],[84,120],[155,0],[35,17],[24,59],[72,9],[12,51],[59,26],[36,-18],[96,9],[-24,43],[24,59],[-24,34],[0,86],[-96,68],[0,102],[-71,86],[-24,162],[-36,68],[-71,25],[-84,-16],[0,34],[-24,25],[-47,17],[12,68],[-24,43],[-36,17],[-48,60],[-274,145],[12,511],[24,197],[36,179],[-167,0],[-48,-128],[-71,0],[-108,196],[72,85],[-119,26],[-12,68],[23,60],[287,-26],[59,51],[0,43],[155,60],[48,68],[-24,26],[12,25],[179,-8],[119,51],[155,17],[143,60],[60,0],[167,102],[166,34],[108,51],[95,-8],[96,25],[0,34],[95,43],[155,51],[71,0],[96,60],[143,8],[0,145],[71,26],[0,68],[24,34],[48,-17],[346,26],[71,42],[36,-8],[24,-26],[143,43],[24,-17],[0,-111],[59,-85],[-35,-171],[11,-17],[120,-51],[190,26],[298,0],[84,-77],[95,-17],[-12,-60],[-131,-17],[12,-60],[96,-85],[107,-17],[334,34],[95,-26],[155,-486],[0,-76],[24,-34],[24,-9],[95,60],[227,-9],[59,43],[-12,17],[96,0],[155,-26],[59,-34],[36,-34],[12,-60],[72,-59],[83,17],[143,-34],[107,85],[84,8],[71,52],[96,-43],[12,-26],[47,-8],[24,-43],[12,-60],[60,-17],[12,-42],[119,-111],[83,-9],[96,-42],[0,34],[12,0],[47,-34],[60,34],[-24,60],[24,51],[83,51],[286,-77],[12,26],[-24,59],[12,35],[-35,85],[83,111],[0,42],[-36,43],[0,17],[36,26],[60,-18],[24,26],[-24,43],[12,34],[47,8],[-12,34],[12,18],[108,-60],[59,-9],[108,69],[-24,85],[24,42],[-72,35],[24,76],[-60,77],[0,60],[-12,17],[12,17],[0,51],[-36,34],[12,51],[36,26],[-24,17],[12,102],[-36,60],[12,43],[48,111],[-48,85],[48,-9],[48,26],[167,-26],[107,-51],[48,26],[12,-43],[47,0],[48,-51],[12,8],[36,-68],[202,-111],[0,-51],[155,-60],[96,-85],[107,-34],[95,-111]],[[453,5126],[36,0],[48,-52],[35,0],[24,52],[95,17],[48,-26],[36,-43],[60,26],[12,43],[47,42],[84,-25],[107,17],[95,-26],[108,9],[47,-9],[12,-34],[48,9],[36,-26],[59,0],[143,-77],[12,-51],[24,-8],[0,-52],[48,-34],[36,34],[35,-8],[12,25],[-12,26],[48,0],[24,-17],[119,34],[36,-26],[71,0],[24,-34],[227,-93],[119,-86],[48,34],[35,-34],[24,-51],[191,-51],[12,-43],[-48,-111],[215,-68],[119,-94],[298,-8],[24,60],[36,0],[0,-103],[119,-281],[0,-86],[60,-68],[95,17],[36,-8],[71,25],[12,-8],[-71,-77],[-60,0],[-83,-136],[35,-69],[0,-110],[24,-180],[-12,-8],[48,-51],[-24,-69],[36,-34],[0,-76],[48,-69],[-60,-68],[-72,-25],[-47,17],[-36,-86],[12,-51],[-72,-42],[0,-86],[120,-85],[0,-94],[-48,-59],[48,-69],[23,-68],[-12,-34],[-35,-43],[0,-51],[-48,-60],[0,-59],[-60,-51],[12,-52],[-12,-17],[-11,-128]],[[3446,1765],[-36,-8],[-108,51],[-35,-26],[-60,17],[-24,-34],[-36,17],[-59,-42],[-48,42],[0,69],[-12,8],[36,43],[0,25],[-24,35],[-71,25],[-48,-34],[-72,0],[-12,-43],[-59,-17],[-60,77],[-12,60],[-47,-9],[-24,68],[-60,-8],[-59,60],[-155,93],[-120,154],[-47,0],[-72,-51],[-167,102],[-59,0],[-84,-94],[-71,34],[-358,9],[-36,25],[-83,128],[-72,35],[-36,51],[-71,-9],[-60,51],[-119,171],[-167,60],[-12,94],[-71,34],[-24,51],[0,76],[24,86],[-36,59],[-83,26],[0,26],[35,68],[-59,34],[-36,60],[-60,0],[-35,68],[-72,77],[-12,51],[-48,94],[24,17],[0,42],[36,51],[60,0],[12,43],[35,0],[24,26],[-12,25],[24,26],[12,94],[-12,51],[48,68],[-72,85],[24,69],[-12,59],[0,94],[-36,60],[12,77],[0,25],[-71,34],[12,43],[-12,26],[12,42],[83,26],[12,68],[48,26],[-24,76],[-36,17],[12,52]],[[8643,5714],[-35,-128],[-36,-77],[-107,-127],[0,-86],[-36,-51],[-24,-77],[-36,-42],[-71,8],[-36,-51],[0,-68],[-48,-69],[12,-51],[36,-34],[72,-8],[23,-128],[72,-26],[60,-51],[-12,-77],[-48,-68],[0,-34],[83,17],[36,-9],[60,-110],[-12,-52],[59,-42],[60,-111],[36,-9],[59,-136],[48,-43],[72,60],[35,-120],[48,18]],[[9013,3932],[-24,-43],[36,-94],[-24,-34],[-12,-153],[-47,8],[-12,-17],[-36,17],[-72,-43],[-35,9],[-48,-34],[-72,0],[0,-51],[-24,-43],[36,-34],[24,-77],[12,-111],[-36,-93],[60,-69],[59,0],[0,-94],[36,-85],[36,9],[24,-26],[36,9],[95,-60],[24,17],[36,-17],[-72,-85],[-36,-17],[0,-18],[-59,-17],[-24,-110],[-60,-86],[-24,0],[-12,-42],[-23,-17],[0,-86],[35,-42],[12,-77],[-35,-34],[11,-43],[-155,-51],[-23,-94],[47,-42],[-12,-103],[48,-153],[131,-128],[48,-9],[36,-51],[83,-68],[-71,-26],[-108,26],[-35,-9],[-48,34],[-12,60],[-36,0],[-24,-43],[-35,-17],[-36,17],[-12,-51],[59,-42],[-47,-86],[0,-17],[47,-8],[24,-77],[-12,-154],[-47,-8],[-12,43],[-36,-35],[-36,-161],[12,-52],[48,-25],[-24,-43],[12,-43],[-48,0],[-47,52],[-12,-34],[24,-35],[0,-25],[-36,17],[-24,-51],[-48,25],[-107,9],[-36,34],[-48,-9],[-23,-34],[35,-42],[-12,-60],[-71,51],[-36,-60],[-12,43],[-47,34],[-84,9],[24,-51],[0,-77],[71,-69],[-23,-42],[-36,-26],[12,-51],[83,-153],[-47,-86],[-72,17],[-60,77],[-23,-34],[-36,43],[-60,-35],[-131,120],[-48,85],[-35,17],[-12,137],[-167,17],[-12,-51],[-36,0],[12,-77],[-48,-77],[0,-51],[60,-43],[24,-59],[0,-69],[-24,-59],[0,-60],[-60,0],[-12,26],[-12,136],[-131,60],[-23,34],[0,102],[-84,0],[-71,-145],[11,-25],[-11,-60],[-72,153],[-36,17],[-36,0],[-71,35],[-119,-69],[-60,43],[-83,222],[-48,34],[12,102],[71,17],[-35,43],[35,60],[-35,76],[12,43],[-48,51],[-24,-8],[0,-60],[-48,0],[-35,43],[0,51],[-24,17],[-36,162],[-119,-77],[-24,-8],[-12,25],[12,60],[143,42],[0,35],[-36,42],[-71,-17],[-12,26],[-36,-26],[-48,0],[-59,60],[-12,-26],[-48,9],[-12,42],[-36,-8],[-59,51],[-12,26],[-24,17],[24,25],[-48,26],[-24,60],[-35,8],[-84,102],[-12,-8],[-12,-43],[-36,-17],[-23,-42],[-84,17],[0,-60],[-24,-9],[-47,60],[-36,-128],[-12,26],[-48,-17],[-12,-34],[-47,17],[-60,-9],[-24,-85],[-24,0],[-12,-34],[-83,59],[-60,-34],[-59,60],[-48,-34],[-48,8],[-47,120],[-108,51],[-83,-17],[-24,-68],[-119,-77],[-12,43],[-24,-9],[-24,85],[-47,9],[-36,-43],[-48,69],[-24,0],[-24,68],[-35,17],[-24,51],[-36,-9],