{"type":"Topology","transform":{"scale":[0.00013442352941176488,0.0001083959786251245],"translate":[120.8565,30.670399999999997]},"arcs":[[[7968,4504],[-30,76],[-41,95],[-409,646],[-1880,1280],[-214,126],[-184,44],[-163,-18],[-103,-108]],[[4944,6645],[103,241],[244,564],[-540,190],[-552,215],[-255,209]],[[3944,8064],[-481,354],[-419,583],[-286,272],[-797,660],[-143,145],[419,311],[347,316],[164,115],[214,113],[225,102],[215,6],[112,-44],[174,-95],[122,-102],[256,-272],[122,-234],[103,-146],[102,-76],[194,-83],[296,-50],[388,-235],[256,-62],[960,-451],[62,-13],[143,-82],[827,-342],[163,-6],[113,-32],[705,-13],[0,-1032],[-82,-1001],[-62,-380],[-194,-1229],[-194,-557]],[[7968,4504],[112,-260],[307,-912],[51,-1831],[11,-246],[-1451,-565]],[[6998,690],[-245,678],[40,254],[-10,164],[31,139],[31,13],[0,57],[10,83],[10,0],[-10,76],[20,107],[-10,64],[-10,0],[0,75],[-31,7],[-41,64],[-20,-20],[-21,7],[11,6],[-21,7],[21,31],[-21,19],[10,19],[-71,63],[-41,-6],[-81,64],[9,18],[-50,64],[-185,165],[-102,38],[-132,18],[-10,-18],[-134,31],[-255,-6],[-20,25],[-31,58],[-20,5],[-123,7],[-10,-19],[-174,-19]],[[5312,3028],[-10,19],[10,12],[0,57],[-30,38],[20,0],[10,45],[20,12],[11,38],[-20,20],[0,12],[-32,-12],[-20,-32],[-30,25],[-41,-44],[-31,13],[10,25],[41,6],[-10,19],[0,25],[31,7],[-21,26],[0,82],[21,25],[-51,50],[-21,0],[-72,-37],[-9,63],[20,25],[41,13],[-11,64],[62,31],[0,7],[-21,-7],[21,44],[153,83],[-41,-7],[-10,19],[-51,13],[-61,-25],[-41,57],[20,13],[0,18],[122,26],[-9,38],[-31,6],[-10,69],[0,13],[-31,32],[20,6],[-10,13],[-30,19],[-11,-19],[0,13],[-20,-7],[0,-19],[-21,-12],[-30,31],[0,25],[-41,-18],[-20,44]],[[5047,4130],[20,38],[-31,13],[21,18],[-31,33],[-10,-20],[-21,20],[52,44],[10,-13],[81,26],[11,18],[-20,82],[-41,83],[41,19],[50,-51],[72,7],[0,-13],[153,63],[31,-50],[112,25],[10,-25],[133,70],[82,12],[31,19],[20,-51],[31,-13],[20,-31],[10,-51],[-30,-18],[10,-108],[10,-44],[21,0],[0,-13],[20,-13],[153,26],[41,62],[31,13],[10,32],[10,0],[-10,50],[0,-12],[-20,25],[30,7],[0,13],[31,0],[10,31],[10,-19],[51,19],[11,-64],[20,-31],[-61,-31],[10,-45],[20,-19],[52,19],[30,-44],[61,0],[31,12],[-10,13],[20,-6],[-10,6],[31,26],[30,-26],[11,-95],[91,-13],[0,20],[62,-7],[0,51],[10,6],[1297,279]],[[3749,2838],[225,88],[225,51],[153,114],[133,19],[122,51],[92,19],[41,-19],[11,-140],[30,0],[0,26],[31,25],[92,44],[40,-44],[-10,-38],[31,0],[30,-31],[62,-7],[10,-19],[51,7],[41,-51],[20,0],[0,57],[21,-13],[10,19],[102,32]],[[6998,690],[-634,-228],[-1267,-373]],[[5097,89],[-602,893],[-133,234],[-41,152],[-51,13],[-71,0],[-20,-38],[-21,7],[-20,49],[0,-5],[-52,12],[-41,51],[0,13],[31,6],[0,31],[-31,7],[-30,-51],[-21,-6],[-10,13],[-31,0],[0,25],[-50,32],[-11,69],[41,0],[-10,184],[-11,19],[0,120],[-61,26],[-10,50],[-41,13],[-31,-13],[-40,191],[-41,50]],[[3688,2236],[31,63],[-31,45],[-10,56],[30,0],[0,26],[61,19],[-20,83],[41,25],[-31,19],[10,63],[-20,203]],[[4607,4776],[153,51]],[[4760,4827],[41,63],[62,140],[-31,75],[-92,102],[11,63]],[[4751,5270],[91,45],[62,6]],[[4904,5321],[81,0],[62,19],[194,158],[41,64],[20,56],[0,57],[-31,64],[-20,82],[0,203],[-21,64],[-61,69],[-194,82]],[[4975,6239],[-122,95],[-31,95],[20,102],[102,114]],[[5047,4130],[-93,-26],[-40,7],[-31,51],[-51,-13],[-10,-45],[-21,-5],[-20,63],[-41,-19],[-21,44],[-30,0],[-51,-63],[10,-64],[-20,7],[0,-19],[-31,44],[-81,-50]],[[4516,4042],[50,95],[0,44],[-10,44],[-71,89],[-21,70],[92,120],[-10,76],[-21,63],[0,44],[31,51],[51,38]],[[1042,2591],[40,0],[11,-38],[30,26],[52,0],[0,-26],[-20,-7],[0,-25],[20,7],[10,-33],[20,-12],[-10,19],[82,19]],[[1277,2521],[10,0],[0,-26],[21,0],[-11,-12],[0,-44],[-41,-235],[72,-25],[0,-31],[10,-13],[20,0],[11,25],[0,-12],[82,-7],[214,32],[10,-19],[31,12],[41,-18],[51,31],[-10,25],[-11,-6],[11,12],[-52,13],[-9,32],[91,108],[31,-51],[41,13],[81,-26],[-20,-82],[-10,0],[-51,-108],[20,-12],[72,51],[30,0],[21,-26],[81,6],[0,89],[-20,26],[11,56],[30,-12],[-10,-26],[61,-25],[0,-13],[41,-6],[10,82],[51,6],[52,-50],[102,6],[183,44],[102,102],[31,-38],[51,19],[0,-19],[51,-13],[11,-51],[20,-6],[10,-82],[154,-38],[-11,-38],[51,-19],[0,-32],[41,0],[20,-19],[21,26],[31,-13],[0,38],[20,0],[0,165],[41,6],[21,-83],[20,-12],[10,38],[82,-38],[102,19],[71,-25],[62,12],[10,39],[41,-7]],[[5097,89],[-214,-83],[-92,0],[-245,-6],[-419,19],[-960,107],[-82,102],[-41,133],[11,26],[0,24],[20,33],[0,38],[10,37],[-20,25],[20,26],[-30,25],[-21,6],[-72,84],[-163,100],[-20,108],[-31,38],[20,6],[-50,26],[-31,102],[-92,0],[-31,-13],[-21,-26],[21,-69],[-30,-7],[-41,64],[-41,-7],[10,-37],[-92,-26],[-41,26],[-71,-13],[-72,50],[-61,7],[-72,-26],[-41,13],[-10,126],[21,159],[10,57],[61,82],[0,45],[-30,-7],[-11,26],[11,12],[-21,32],[0,-13],[-82,13],[0,51],[31,50],[-92,63],[-10,7],[10,-13],[0,-12],[-82,-26],[-30,70],[-123,-76],[-112,-7],[-41,-25],[0,-70],[-92,-62],[20,-45],[-30,-6],[-21,25],[-20,-12],[30,-90],[-10,-12],[-40,-13],[-62,133],[-102,44],[-21,13],[11,7],[-20,-7],[-52,-63],[-10,6],[0,-13],[-31,13],[-41,-69],[-30,18],[20,33],[-10,12],[10,26],[-20,24],[20,38],[21,0],[50,77],[11,-7],[21,51],[30,25],[31,6],[-20,13],[9,38],[11,-6],[10,13],[-10,6],[10,13],[-10,19],[30,37],[-20,20],[20,25],[11,-12],[10,18],[-10,19],[0,25],[-21,33],[-61,6],[-11,44],[-102,19],[0,32],[-20,19],[10,63],[41,13],[10,19],[31,-7],[10,38],[-41,13],[11,247],[-31,51],[10,44],[-10,32]],[[2206,5593],[61,-95],[52,-57],[133,-75],[20,24],[41,-18],[123,76],[20,-64],[41,-6],[30,76],[41,13],[51,0],[41,-32],[41,0],[0,-12],[61,12]],[[2962,5435],[-91,-120],[-11,-51],[52,-6],[71,-95],[0,-89],[31,-38],[-20,-26],[40,-44],[10,-51],[41,-50],[82,-45],[92,95],[51,-56],[112,-190],[51,-121],[0,-19],[-30,-25],[0,-13]],[[3443,4491],[-11,-7],[-40,13],[-61,-25],[-32,-32],[-81,32],[-10,-19],[-72,-13],[10,-25],[-30,-31],[20,-13],[10,13],[21,-39],[10,13],[31,-19],[0,-19],[-41,-44],[-143,25],[-10,-38],[0,-51],[-31,7],[11,38],[-82,19],[-21,-26],[-31,-12],[31,0],[0,-39],[-61,0],[0,-75],[-112,-20],[50,216],[-132,-19],[-72,13],[10,25],[-51,-25],[-102,44],[-10,-133],[10,-38],[21,0],[-11,-50],[-61,-7],[0,-88],[-71,12],[0,-32],[9,0],[0,-44],[-91,0],[0,-25],[20,0],[-10,-83],[-41,51],[-31,-12],[-10,31],[-20,-6],[0,19],[-61,0],[-11,25],[-41,6],[-41,64],[-30,-6],[-11,18],[-9,-12],[-11,25],[-20,-38],[-41,-38],[10,-25],[-30,6],[10,-13],[-10,-12],[-41,25],[-11,-13],[41,-44],[-20,-19],[20,-44],[0,-64],[11,-19],[40,19],[31,-37],[51,-13],[31,-89],[20,0],[10,-64],[11,0],[-21,-24],[-41,12],[-10,-6],[0,-13],[-112,13],[-21,-39],[-10,26],[-31,0],[-9,19],[9,32],[-30,31],[-41,-18],[10,-13],[-41,-51],[31,-57],[10,0],[0,26],[31,-33],[-11,-12],[52,-32],[-20,-31],[20,-13],[30,-57],[-10,-25],[-20,6],[-11,-51],[-30,0],[-11,13],[-41,-19],[52,-19],[102,-127],[-10,-133],[-31,0],[0,-203],[-31,7],[11,-76],[-61,-32],[-62,0],[10,-18],[-21,0],[-9,-39],[-103,-12],[-50,56],[0,39],[-31,-7],[-10,51],[-62,-6],[21,-51],[-21,-64],[-51,0],[-21,-82],[-40,-19],[0,-19]],[[1042,2591],[-31,63],[21,0],[-21,115],[62,31],[0,25],[9,6],[-50,133],[0,32],[-31,-6],[10,44],[-10,25],[10,13],[-20,82],[0,20],[-41,0],[0,12],[-21,7],[-20,-13],[-41,25],[-61,-12],[-10,6],[10,32],[-31,13],[-20,62],[-72,13],[0,-44],[20,-13],[0,-38],[-61,-25],[-20,-70],[-92,25],[-30,-18],[-32,18],[-81,-12],[-21,51],[-40,12],[10,89],[-10,38],[40,38],[-20,13],[0,12],[-41,32],[0,57],[-20,6],[30,267],[31,6],[10,12],[-20,39],[0,12],[-41,13],[-10,38],[-20,25],[0,38],[-21,-31],[-82,12],[0,26],[-31,25],[-30,-13],[-10,-19],[-21,0],[-10,32],[-61,6],[0,64],[31,6],[61,76],[40,101],[52,64],[20,5],[92,7],[61,-19],[235,70],[123,-7],[194,-63],[194,7],[133,31],[0,19],[41,32],[0,-26],[40,7],[21,-13],[0,-25],[31,0],[30,63],[-20,19],[0,26],[20,12],[0,32],[41,-19],[0,-13],[41,0],[0,13],[31,6],[61,-44],[61,171],[0,32],[-20,0],[-10,31],[20,0],[-31,70],[31,19],[0,13],[-41,-20],[0,20],[21,13],[-21,24],[21,20],[0,18],[-21,26],[-20,-6],[0,19],[20,-6],[-41,190],[-10,82],[21,13],[-11,31],[21,19],[-41,19],[0,32],[20,6],[0,70],[-50,0],[30,0],[10,203],[122,12],[32,19],[9,25],[-20,26],[0,18],[41,115],[11,0],[30,-25],[11,5],[0,-50],[20,-12],[10,-51],[20,-20],[41,13],[0,25],[10,-18],[0,31],[11,-6],[41,50],