{"type":"Topology","transform":{"scale":[0.0007449404761904764,0.0006186444671326477],"translate":[105.4907,31.7065]},"arcs":[[[6622,8515],[-89,-26],[-44,44],[-29,-35],[-133,79],[-118,-70],[-30,17],[-29,45],[-59,44],[-15,98],[15,71],[-30,18],[-29,-27],[-15,35],[15,36],[-30,53],[74,-9],[15,54],[-30,62],[-29,9],[-44,-27],[-59,80],[-30,-71],[-59,9],[-29,-36],[-44,18],[0,18],[-30,-9],[30,71],[29,-18],[-44,142],[-59,18],[14,27],[-44,26],[-44,0],[-15,-26],[-88,8],[-148,125],[-59,-71],[-88,-45],[-44,-80],[-30,-8],[30,-36],[-133,-44],[-89,0],[-14,-36],[-45,27],[-29,-27],[-44,18],[-45,-53],[-44,35],[0,-35],[-74,-27],[-14,-53],[-59,9],[-30,-27],[-29,71],[0,-35],[-15,-63],[15,-44],[29,0],[0,-36],[-88,-26],[-30,-45],[-59,9],[-15,-71],[104,-71],[-45,-71],[-29,-18],[-89,45],[-14,-9],[-45,71],[-59,-18],[-29,-62],[-74,0],[-59,27],[0,35],[30,-9],[44,27],[15,80],[-30,44],[15,71],[-44,62],[14,45],[-88,35],[44,54],[-73,53],[0,115],[-30,36],[-15,-53],[-44,17],[-15,27],[-29,-62],[-163,-62],[89,-116],[-15,-35],[-29,0],[15,-27],[-60,-62],[-58,-18],[0,53],[-30,-17],[-30,26],[-44,-124],[-88,0],[-103,-80],[-89,27],[-29,186],[-59,18],[14,27],[-29,9],[-89,-63],[15,-35],[-44,-27],[29,-18],[-14,-26],[-59,35],[14,-89],[30,-44],[-30,-35],[-44,8],[0,-8],[30,-54],[73,-9],[15,-44],[-74,-18],[30,-106],[0,-80],[-59,-53]],[[2935,8285],[-59,-18],[-74,26],[-44,-17],[-15,71],[-74,71],[-44,-36],[-15,27],[-103,-9],[-15,35],[-44,-17],[-29,26],[-15,267],[15,-9],[0,26],[-30,36],[59,-36],[44,107],[-88,98],[0,18],[44,8],[0,45],[-44,44],[-30,71],[45,231],[73,62],[30,62],[0,18],[-30,-9],[-59,62],[74,18],[30,71],[29,-9],[-29,54],[118,0],[44,133],[103,18],[0,17],[15,9],[29,-35],[59,80],[-14,71],[59,17],[73,-62],[310,-89],[74,-151],[0,-80],[59,0],[88,-53],[133,71],[74,-9],[59,-35],[162,35],[29,27],[74,27],[44,-9],[15,-54],[162,9],[30,54],[103,0],[-15,390],[59,63],[-59,124],[74,-9],[15,-53],[103,-125],[103,63],[30,62],[59,44],[0,62],[-162,151],[-15,62],[44,62],[-15,45],[45,133],[88,62],[0,71],[74,62],[15,36],[59,36],[132,168],[74,-35],[44,35],[-44,71],[15,53],[74,18],[73,116],[89,80],[44,-27],[103,53],[44,71],[0,45],[30,35],[0,27],[103,151],[59,35],[59,98],[30,-9],[132,98],[-118,106],[45,27],[73,-89],[59,-9],[281,116],[-74,168],[-44,18],[0,53],[29,45],[30,18],[29,-36],[44,9],[30,-27],[15,-44],[177,-160],[44,53],[0,18],[29,62],[59,-53],[59,36],[89,-169],[44,-18],[88,9],[60,133],[176,231],[118,44],[89,71],[29,-17],[60,0],[58,44],[30,-27],[-15,-53],[-133,-169],[15,-35],[45,-9],[-15,-35],[29,-36],[59,18],[15,-54],[44,18],[-15,-26],[0,-27],[89,-18],[-15,-18],[-29,-35],[0,-53],[-74,-133],[15,-36],[-45,-98],[-58,-62],[-74,-18],[-74,-62],[30,-80],[14,-71],[-29,-35],[15,-45],[-74,-106],[14,-45],[-44,-53],[-59,-151],[15,-53],[30,-9],[-15,-98],[-45,-17],[0,-98],[-29,-18],[-89,9],[-58,-124],[-45,-18],[-73,-80],[-89,-9],[-15,-18],[-14,-115],[-59,-18],[-15,-44],[15,-89],[-30,-53],[0,-98],[30,-62],[0,-62],[103,-62],[88,-196],[118,-71],[0,-26],[-74,-36],[133,-89],[-44,-44],[44,-115],[-29,-45],[-44,-133],[-133,-36],[-15,-97],[88,-36],[-29,-62],[15,-44],[-44,-9],[-30,-71],[-133,-151],[0,-54],[-103,-97],[-44,-18],[29,-44],[-88,17],[59,-71]],[[6622,8515],[0,-35],[-30,-107],[-29,-9],[59,-35],[-15,-44],[15,-36],[-15,-53],[-44,-18],[74,-18],[-30,-53],[59,18],[-29,-36],[0,-53],[-30,26],[-29,-8],[147,-169],[-15,-53],[15,-27],[0,-71],[-29,-53],[14,-54],[-44,-150],[15,-63],[15,-62],[-30,-44],[-15,-151],[59,-169],[0,-62],[30,-27],[-15,-35],[30,-53],[-15,-63],[44,-8],[15,-36]],[[6799,6704],[-192,-71],[-59,-80],[-59,-27],[-44,-44],[-148,0],[-59,-53],[0,-27],[118,-53],[45,-53],[-15,-27],[44,-36],[-15,-35],[-44,-27],[-74,-89],[-59,-26],[-73,-80],[-30,44],[-59,-35],[-29,44],[-15,-44],[-103,0],[-45,44],[-29,-18],[-59,27],[-74,-9],[-59,-44],[-118,53],[-103,0],[-29,-36],[-30,-97]],[[5383,5905],[-15,27],[0,35],[-29,35],[15,27],[-30,36],[30,17],[-15,18],[0,45],[-59,-18],[-30,35],[-236,9],[-14,18],[0,62],[-45,9],[-88,-18],[-30,-44],[-59,9],[-162,-284],[-88,-45]],[[4528,5878],[-15,9],[-30,53],[-44,9],[-29,151],[-133,45],[-15,44],[-59,9]],[[4203,6198],[-15,35],[-88,71],[-30,71],[0,267],[-29,98],[103,115],[89,-9],[59,133],[0,89],[29,107],[-59,106],[-29,80],[29,53],[30,0],[29,98],[0,35],[-74,9],[-59,89],[-14,-18],[-59,18],[-89,89],[-44,-98],[-59,27],[-30,98],[-29,17],[-29,54],[-60,26],[-14,-26],[-44,17],[0,-17],[-74,44],[0,80],[-59,-107],[-59,54],[-15,-18],[-29,35],[-30,-17],[-44,17],[-30,54],[30,35],[-30,36],[-29,-45],[-59,0],[0,71],[-44,80],[-89,54],[-88,8],[-30,45],[-74,-9],[-29,36]],[[1460,3037],[30,-9],[29,27],[0,35],[44,36],[-14,26],[73,27],[-29,44],[162,-44],[15,27],[0,204],[44,35],[30,62],[44,-53],[132,-80],[59,9],[0,62],[15,62],[30,-71],[88,-53],[15,27],[29,-62],[89,-9],[44,26],[44,-26],[-29,-62],[15,-45],[118,-35],[29,-63],[74,27],[44,36],[59,0],[44,35],[15,-9],[59,36]],[[2861,3259],[59,-36],[74,45],[177,-54],[74,80],[14,-17],[45,8],[132,-44]],[[3436,3241],[0,-133],[30,-62],[-15,-134],[103,-53],[15,-35],[-15,-62],[-118,-125],[0,-80],[-29,-44],[59,-71],[59,-18],[-30,-53],[15,-89],[-15,-62],[59,-116],[-29,-53],[0,-53],[-15,-45],[-29,-8],[-15,-45],[29,-17],[30,-80],[44,-36],[-15,-35],[74,-27],[74,-89],[15,-98],[0,-71],[-104,18],[89,-71],[44,-124],[-133,-107],[-88,18],[29,-98],[-44,0],[29,-53],[0,-27],[74,-88],[0,-27],[-29,-27]],[[3584,861],[-30,-35],[-88,27],[-59,-27],[0,-62],[-44,-54],[-30,0],[-88,98],[-59,-9],[-30,36],[-118,177],[-59,0],[-29,71],[-45,54],[-73,9],[-89,-45],[-59,53],[-59,9],[15,45],[-30,26],[0,98],[-29,18],[-59,0],[-30,-45],[-73,-44],[14,-27],[-29,-9],[-15,-97],[-44,18],[-74,97],[-74,18],[-29,44],[-44,27],[44,98],[-15,62],[0,35],[-44,45],[0,44],[-74,27],[-118,-27],[-29,27],[-44,0],[-104,-36],[-14,62],[-59,0],[-163,-115],[-103,9],[-59,-36],[-44,18],[-15,-35],[-59,-36],[-74,80],[-103,9],[-15,35],[-103,0],[-103,45],[-59,71],[44,44],[0,45],[-59,88],[-59,-71],[-59,27],[-44,-36],[-44,18],[-74,-26],[-15,8],[-15,-88],[-58,-36],[0,27],[-89,-18],[-44,-44],[-103,-45],[-15,45],[-45,0],[15,62],[-15,35],[-44,27],[0,62],[-44,53],[15,62],[88,-17],[30,-45],[59,9],[29,36],[74,17],[29,-17],[118,80],[60,-18],[73,80],[15,71],[-15,44],[15,18],[-15,44],[30,27],[-30,18],[15,35],[-44,-8],[44,88],[44,-106],[15,35],[-15,89],[-29,0],[-30,53],[-88,-18],[-74,45],[-15,35],[-44,9],[-15,36],[15,9],[0,26],[-59,89],[147,-9],[30,178],[74,106],[29,-9],[44,54],[0,44],[104,-26],[73,35],[45,-27],[-15,-44],[59,18],[-15,-9],[15,-36],[59,-17],[118,97],[88,-26],[45,44],[73,9],[15,-18],[15,-106],[15,-27],[44,9],[15,-53],[59,44],[0,62],[29,27]],[[3436,3241],[45,27],[132,-27],[236,133],[59,-44],[118,62],[118,-62],[44,97],[59,27],[74,-27],[59,18],[15,-53],[103,18]],[[4498,3410],[-15,-62],[104,0],[44,-27],[15,-53],[-30,-80],[-29,-9],[-30,44],[-74,-89],[-44,18],[0,-26],[30,-18],[0,-18],[-89,-133],[-147,9],[0,-54],[-74,-79],[15,-80],[-30,-54],[0,-124],[89,27],[44,-9],[44,-71],[44,18],[74,-45],[133,-151],[59,-53],[44,27],[0,44],[89,27],[29,44],[89,-89],[132,53],[45,-35],[88,-18],[15,-53],[44,36],[89,0]],[[5295,2327],[236,-63],[103,9],[147,-80],[-44,-248],[30,-54],[73,18],[30,36],[59,-9],[44,-27],[118,-26],[88,-54],[59,-44],[-14,-62],[44,-27],[15,-62],[-30,-62],[30,-18],[44,-62],[-74,-62],[-29,35],[-59,9],[14,-53],[-88,-71],[-177,80],[-103,-27],[-89,18],[-29,26],[-148,-17],[30,-80],[-74,-45],[-88,-133],[14,-53],[-44,-27],[30,-80],[-45,-62],[45,-18],[44,-97],[74,-27],[-30,-80],[44,-80],[-44,-124],[0,-53],[44,-45],[15,-44],[-59,-80],[30,-18],[44,-115],[-44,-18],[-30,-35],[15,-45],[-44,-35],[-163,-9],[-88,-27],[-118,18],[-15,44],[-29,27],[29,27],[0,26],[-118,36],[0,71],[-147,115],[-133,80],[-133,18],[-44,71],[-74,18],[-59,44],[-29,53],[-89,0],[-118,107],[-88,44],[0,71],[-59,45],[-162,-27],[-30,-35],[-103,62],[-89,-80],[-29,26]],[[4498,3410],[74,35],[29,53],[118,27],[59,53],[74,-26],[15,-45],[29,-9],[104,-8],[59,26],[73,-44],[59,18],[118,-45],[74,18],[133,89],[0,62],[-89,71],[45,124],[88,18],[44,45],[103,-9],[0,44],[60,62],[0,-27],[44,9],[-89,71],[0,27]],[[5722,4049],[0,62],[30,9],[29,-53],[0,71],[30,35],[44,-35],[29,9],[15,-45],[44,-26],[45,26],[14,-53],[45,18],[29,26],[-15,