{"type":"Topology","transform":{"scale":[0.00043918631717437405,0.0003519346173629766],"translate":[110.2258,34.585]},"arcs":[[[1651,11769],[25,78],[0,62],[50,47],[50,141],[-25,62],[50,62],[-25,125],[-50,125],[125,125],[125,31],[100,109],[25,94],[25,31],[25,63],[-25,62],[75,172],[50,78],[0,62],[76,94],[0,16],[-76,0],[-50,31],[-25,31],[25,62],[0,16],[-75,-47],[0,94],[-75,-16],[-25,16],[75,109],[50,47],[50,-16],[50,16],[51,-16],[74,16],[51,-16],[150,31],[50,157],[100,46],[25,32],[0,46],[-25,32],[50,156],[-25,62],[0,16],[50,-47],[25,16],[-25,47],[-25,0],[-25,31],[125,62],[75,0],[225,-78],[50,31],[25,-15],[100,-31],[50,-63],[150,-47],[125,94],[75,-47],[50,31],[75,-15]],[[3877,14282],[50,-94],[125,-125],[-25,-31],[-125,0],[-100,-47],[25,-31],[25,-62],[0,-32],[50,0],[76,-47],[24,0],[25,-47],[51,-77],[-26,-47],[51,-63],[-25,-31],[75,-62],[0,-32],[24,-31],[-24,-47],[50,-47],[25,-77],[50,15],[25,62],[125,0],[50,-62],[0,-62],[25,-32],[0,-31],[25,-15],[0,-79],[75,16],[25,-16],[25,-31],[0,-93],[75,-16],[0,-31],[-25,-16],[25,-31],[25,0],[0,47],[50,15],[75,-46],[75,31],[75,-47],[200,125],[50,-16],[25,-62],[50,-16],[25,-47],[125,-15],[25,31],[0,47],[25,31],[76,0],[100,78],[25,47],[-50,47],[50,-16],[75,31],[75,-31],[50,94],[100,15],[0,47],[50,32],[0,31],[75,109],[225,62],[50,94],[75,31],[50,-15],[25,-32],[0,-62],[75,-47],[75,-31],[125,47],[50,-16],[100,31],[50,-15],[50,15],[75,-46],[51,46],[25,32],[49,-32],[26,63],[125,15],[50,125],[50,16],[0,62],[0,31],[50,16]],[[7630,13782],[50,-47],[25,0],[75,31],[100,-31],[125,0],[50,-46],[25,-63],[50,-16],[100,-31],[75,47],[50,-31],[0,-63],[50,-62],[25,-16],[75,-156],[0,-31],[0,-94],[-50,-46],[0,-63],[25,-140],[25,-94]],[[8505,12830],[-50,-47],[-50,-62],[-75,15],[-75,-109],[-75,-47],[0,-46],[-75,0],[-25,-16],[-25,-31],[25,-110],[25,-109],[-25,-31],[50,-63],[0,-46],[125,-47],[0,-63],[-50,-62],[0,-62],[-25,-32],[-50,16],[-50,-109],[0,-32],[-25,-31],[-25,-15],[-50,46],[-50,0],[25,-124],[-50,-47],[-25,-31],[-50,31],[-100,-16],[-50,-94],[25,-62],[-125,-94],[0,-109],[-25,-15]],[[7555,11176],[-75,15],[-50,-47],[-50,0],[-125,47],[-76,-78],[-75,0],[-75,-47],[-75,-47],[0,-46],[-50,-47],[-75,0],[-50,-47],[-125,0]],[[6654,10879],[-75,16],[-100,-16],[-150,-187],[-50,-16],[-25,47],[-50,-62],[-250,-94],[-100,-156],[-150,-32],[-75,16],[-25,-16],[-101,32],[25,-63],[-75,-62],[-125,15],[-25,32],[25,46],[-75,94],[-25,-78],[-25,-31],[-125,47],[-50,94],[-75,-32],[-75,16],[-75,78],[-25,15],[-100,0],[-75,-62],[50,-62],[-50,-32],[-50,0],[0,-15],[50,-78],[25,-63],[25,-15],[0,-47],[-50,-78],[-75,0],[0,-47],[-125,47],[-75,-16],[-50,63],[-101,31],[-24,-16],[-101,47],[-125,-62],[-50,46],[-50,0],[-25,47],[-50,-15],[-25,15],[0,78],[-25,-31],[-75,0]],[[3627,10317],[-50,62],[-50,16],[-25,110],[50,30],[25,-15],[75,31],[25,31],[-25,32],[-25,125],[-25,46],[-50,16],[25,31],[-25,47],[25,63],[-25,46],[-150,156],[125,78],[-50,110],[-75,78],[-25,0],[-50,-94],[-225,-94],[-75,-78],[-25,0],[-50,47],[-25,0],[-25,-93],[-50,46],[-50,32],[-25,140],[-50,16],[-100,0],[-75,31],[0,47],[-125,-16],[-51,0],[-25,62],[-24,32],[24,62],[-75,47],[0,47],[-25,16],[25,62],[-50,47],[-75,15],[-25,-31],[-100,-31],[-25,-47],[-75,0],[-25,-47],[-50,-15],[-50,-47],[-75,78],[-75,0],[0,78],[0,47]],[[3627,10317],[-125,-109],[-100,0],[0,-63],[-50,-15],[-25,-47],[-150,-94],[-125,-15],[-50,-32],[0,-31],[-50,-15],[0,-32],[-25,-15],[50,-31],[-25,-63],[25,-78],[25,-93],[75,-79],[0,-93],[-75,-31],[50,-32],[25,-78],[100,32],[75,0],[75,15],[50,47],[75,-31],[0,-47],[50,-31],[0,-32],[100,-46],[25,-63],[200,0],[50,-172],[50,0],[51,-46],[100,15],[50,-31],[150,16],[25,-47],[150,-94],[-25,-31],[25,-62],[75,-94],[25,-16],[25,-93],[125,15],[0,-62],[-25,-47],[50,-16],[0,-31],[25,-31],[-50,-31],[75,-47],[0,-47]],[[4778,8163],[0,-31],[-125,-47],[-25,-47],[-75,-203],[-200,-203],[-25,47],[-100,94],[-75,-16],[-50,0],[0,-46],[-76,-63],[-125,-63],[25,-46],[-25,-78],[25,-110],[-75,-203],[-50,-31],[-25,-93],[-50,-16],[0,-31],[-25,-16],[-50,31],[-25,-31],[-175,-78],[-25,-47],[-100,16],[-25,-31],[0,-47],[-25,16],[-25,-32],[-25,0],[-25,-47],[-175,94],[-25,0],[-25,16],[0,31],[-75,-16],[25,-46],[25,-16],[0,-31],[50,-32],[0,-46],[50,-16],[25,-15],[-75,-94],[-75,0],[-50,-16],[-75,-109],[-50,-16],[-50,16],[0,-125]],[[2702,6290],[-50,0],[-75,-125],[-75,0],[0,-47],[-101,-15],[0,78],[-74,0],[-51,-47],[-25,0],[-25,94],[0,31],[-50,62],[0,109],[-25,-15],[-75,0],[-50,-16],[-75,16],[-25,31],[25,141],[25,31],[-25,62],[-50,-15],[-75,-63],[-50,-15],[0,31],[-50,16],[25,-47],[-50,-16],[-50,16],[-25,0],[-200,-125],[-125,15],[-25,-15],[-25,31],[0,62],[-25,32],[-75,15],[-50,78],[-50,-15],[-50,15],[-50,-46],[0,-63],[25,-16],[-50,-62],[-75,16],[-75,-47],[-76,47],[-100,15],[-50,-15],[0,31],[-75,0],[-50,31]],[[425,6571],[25,187],[-25,78],[-75,32],[0,46],[50,16],[75,-47],[25,0],[0,31],[-50,16],[-25,31],[50,16],[50,15],[100,125],[75,47],[0,94],[101,109],[125,156],[50,78],[0,47],[75,31],[-25,78],[50,47],[0,31],[-125,47],[-25,31],[0,79],[25,93],[25,31],[225,32],[25,78],[0,62],[25,62],[0,32],[50,62],[-50,109],[-25,125],[0,16],[50,15],[25,32],[-75,78],[-125,31],[-25,31],[25,47],[100,31],[0,47],[-50,62],[-100,32],[-25,31],[-50,93],[-150,266],[-150,94],[0,31],[24,78],[-49,47],[-26,62],[26,94],[-26,62],[51,94],[-25,93],[0,94],[25,62],[74,0],[26,16],[25,203],[0,47],[175,15],[125,141],[75,16],[100,249],[75,0],[50,-31],[75,47],[0,156],[75,31],[0,109],[25,47],[-50,32],[-25,93],[25,94],[50,47],[0,78],[75,78]],[[2702,6290],[25,0],[50,-78],[75,0],[50,94],[25,-63],[25,31],[75,-31],[-50,-78],[50,-31],[50,-94],[100,-47],[0,-46],[50,-16],[75,-78],[25,63],[-25,62],[125,78],[25,-16],[25,32],[25,-32],[50,-31],[100,31],[25,-15],[0,-16],[0,-16],[75,63],[125,-16],[101,-78],[49,31]],[[4027,5993],[51,-31],[0,-62],[50,-47],[0,-109],[25,-47],[75,-31],[50,-94],[75,-62],[75,-31],[25,-63],[0,-62],[25,-63],[50,-47],[0,-62],[75,16],[50,-16],[25,-78],[125,-62],[0,-47],[200,15],[25,-31],[25,0],[25,-125],[50,0],[-25,-47],[25,0],[25,-46],[125,-16],[75,62],[-50,-171],[25,-78],[-25,-63],[25,-109],[-50,-78],[-75,-31],[-50,-63],[25,-109],[50,0]],[[5228,4105],[25,-156],[0,-16],[-75,-31],[-100,-78],[-50,-16],[0,-31],[-125,-78],[-25,31],[-175,0],[-50,16],[-75,-31],[-100,62],[-25,-16],[-100,0],[0,-31],[50,-15],[25,-47],[75,-47],[50,-78],[-50,-31],[-50,-16],[-175,63],[-50,0],[-100,78],[0,-94],[-25,-31],[50,-78],[24,-63],[-99,-93],[25,-32],[0,-93],[-76,-47],[0,-31],[-74,0],[0,-16],[0,-93],[-51,-16],[25,-125],[51,-47],[-51,-62],[26,-47],[-51,-31],[51,-94],[0,-78],[25,0],[0,-62]],[[3978,2404],[-76,-125],[-125,0],[-75,31],[25,47],[-50,62],[0,94],[75,156],[-25,47],[-25,15],[-50,63],[25,47],[50,46],[-150,-15],[-125,109],[-75,31],[-75,-15],[25,31],[-25,15],[-25,-46],[-75,0],[-25,15],[-25,-46],[-25,-110],[-25,0],[0,-31],[0,-47],[-25,-15],[0,-32],[-50,78],[-25,-15],[-75,15],[-25,-31],[-25,16],[-125,-31],[-50,15],[0,31],[-125,-62],[-51,0],[-49,-47],[-50,0],[-26,31],[0,63],[0,15],[-25,63],[0,109],[51,0],[25,31],[-25,78],[75,16],[50,-31],[-26,78],[0,31],[-24,31],[-101,-31],[0,-47],[-74,-15],[-25,62],[-101,16],[0,156],[-50,15],[-25,94],[-75,47],[-50,-32],[-25,-46],[-25,-31],[-25,-47],[-25,-32],[0,-46],[-25,-16],[-100,16],[-25,15],[0,47],[-25,16],[0,31],[-25,31],[25,47],[-25,0],[-50,-94],[0,-47],[0,-109],[-75,-62],[-50,-16],[-50,63],[-225,62],[-25,-16],[-100,32],[-75,-32],[-25,47],[50,47],[-100,78],[-50,-15],[-50,-94],[-75,-31]],[[801,3278],[0,78],[-25,47],[0,62],[-51,125],[25,78],[-99,15],[25,110],[-51,78],[26,31],[0,47],[-51,62],[25,32],[-25,78],[-50,124],[0,47],[-50,94],[0,109],[25,78],[0,78],[50,110],[-25,93],[0,63],[-25,46],[25,110],[50,62],[0,94],[-25,78],[50,62],[0,63],[0,109],[-25,47],[25,93],[-50,16],[-75,94],[-50,109],[-75,47],[0,46],[25,0],[50,-31],[25,0],[0,78],[50,63],[-50,15],[-25,-46],[-25,15],[50,63],[-25,31],[-100,31],[50,0],[50,94],[0,47],[-25,15],[25,31],[0,63],[-100,31],[0,31],[50,16],[25,31]],[[4778,8163],[50,16],[50,62],[25,0],[50,-62],[50,0],[50,47],[75,-32],[75,32],[0,93],[75,16],[100,-31],[25,31],[75,31],[-50,63],[0,62],[-25,78],[-50,16],[0,78],[100,31],[-50,62],[75,47],[-25,63],[75,15],