{"type":"Topology","transform":{"scale":[0.00024165623729553213,0.000248841890066596],"translate":[118.20899498800031,21.904608466000127]},"arcs":[[[11629,6157],[30,-82],[-47,-69],[-88,-35],[-21,-45],[15,-56],[87,-51],[101,-72],[43,-107],[6,-35]],[[11755,5605],[-246,-54],[-102,-57],[-62,-55],[-123,-71],[-13,-80],[35,-84],[-42,-69],[-117,-56],[-13,-97],[34,-139],[-48,-186],[-1,-157],[-67,-83],[-135,-102],[-36,-137],[21,-115],[47,-64],[97,-90],[19,-70],[-60,-6]],[[10943,3833],[-1,-1],[-82,14],[-68,-4],[-134,-94],[-93,78],[-119,124],[-113,-24],[-105,-84],[-206,94],[-148,-64],[-100,-99],[-126,-40],[-280,15],[-28,-68],[-20,-102],[-41,-111],[8,-99],[-1,-134],[-89,-299],[-3,-100],[44,-106],[6,-116],[-128,-289]],[[9116,2324],[-41,16],[-25,-2],[-29,-9],[-34,-1],[-205,144],[-191,242],[201,-217],[-23,103],[-34,57],[0,0],[-26,45],[-84,86],[-142,117],[-55,60],[-25,67],[34,65],[18,58],[-24,81],[-42,80],[-77,108],[-73,144],[-16,64],[1,41],[24,51],[5,34],[-8,18],[-21,13],[-21,18],[-9,33],[-44,69],[-12,27],[-34,192]],[[8104,4128],[97,52],[3,-6],[62,-122],[75,-34],[247,-32],[130,13],[132,-14],[66,20],[56,37],[102,36],[99,63],[37,77],[47,74],[83,99],[97,90],[102,76],[117,102],[102,117],[157,239],[164,213],[36,93]],[[10115,5321],[0,0],[-15,93],[-23,64],[2,69],[57,50],[108,-10],[92,8],[193,103],[71,75],[125,86],[121,60],[67,71],[56,95],[133,95],[291,132]],[[11393,6312],[69,-14],[91,-32],[66,-81],[10,-28]],[[8947,1812],[5,-7],[3,0],[3,-8],[21,-27],[-7,-6],[2,-7],[-42,-26],[-5,-5],[-27,-18],[-47,-37],[-1,3],[0,-1],[-13,44],[22,37],[-1,1],[44,50],[33,0],[10,7]],[[10943,3833],[53,-94],[12,-68],[84,-18],[87,-51],[-43,-195],[-3,-73],[-31,-70],[-153,-58],[-76,-38],[-120,-23],[-85,-63],[-38,-93],[-58,-93],[-48,-106],[-13,-208],[20,-92],[32,-85],[16,-101],[0,-76],[41,-70],[74,-79],[-40,-54],[-84,-45],[-32,-55],[-9,-65],[43,-54],[54,-24],[49,-63],[-2,-80],[9,-86],[51,-84],[72,-69],[161,-66],[70,5]],[[11036,1339],[14,-731],[-25,-104],[-40,-85],[-53,-35],[-62,-52],[2,-119],[22,-129],[-5,-84],[-72,96],[-106,73],[-124,51],[-125,27],[-5,-93],[-36,-34],[-53,12],[-58,44],[-4,33],[20,100],[-87,130],[-7,35],[1,28],[6,47],[0,152],[9,45],[39,50],[8,42],[-313,731],[-26,40],[-87,97],[-69,139],[-31,41],[-128,90],[-51,27],[-18,5],[-17,11],[-15,52],[-10,19],[-69,40],[-158,68],[-71,44],[-75,60],[-36,20],[-5,2]],[[7600,4598],[-10,-17],[-35,29],[-27,58],[5,18],[11,0],[14,-17],[10,-26],[34,-31],[-2,-14]],[[7608,4986],[-45,-98],[-1,2],[62,188],[4,-2],[6,-1],[-22,-72],[-4,-17]],[[7662,5166],[-1,0],[57,139],[9,1],[2,-26],[-67,-114]],[[7763,5482],[-5,-35],[-2,1],[10,149],[8,-3],[-11,-112]],[[8104,4128],[0,0],[-15,88],[-28,51],[-62,56],[75,47],[42,86],[-17,73],[-100,13],[-19,-26],[-16,-48],[-28,-37],[-52,2],[-21,31],[8,99],[-13,34],[-64,25],[-36,-29],[-29,-41],[-43,-10],[-46,36],[-12,48],[11,48],[18,33],[46,21],[59,7],[48,14],[17,43],[-23,22],[-147,33],[0,27],[124,1],[-13,37],[-67,52],[-44,45],[11,56],[39,20],[43,13],[21,35],[-13,56],[-21,45],[14,41],[22,52],[36,37],[-8,33],[8,31],[53,126],[25,24],[40,9],[-58,35],[25,57]],[[7894,5679],[82,-27],[140,-19],[113,-25],[99,39],[39,69],[91,50],[104,73],[74,67],[96,64],[123,49],[239,40],[134,6],[112,-33],[64,-34],[32,-59],[28,-71],[155,-142],[16,-106],[-28,-199],[25,-64],[71,-49],[59,-1],[85,34],[78,9],[59,-16],[131,-13]],[[11385,11294],[-3,-3],[-73,-16],[-68,25],[-43,52],[-67,36],[-108,37],[0,1]],[[11023,11426],[17,56],[88,158],[34,42],[12,21],[-1,24],[-10,25],[-18,31],[24,42],[27,25],[0,0]],[[11196,11850],[131,-50],[237,-66],[85,-40],[61,-53],[30,-51],[-16,-51],[-37,-19],[-81,-12],[-92,-33],[-54,-60],[-36,-79],[-39,-42]],[[13255,10813],[-36,-90],[-21,-66],[9,-61],[-59,-81],[-221,-197],[-68,-145]],[[12859,10173],[-44,10],[-167,-14],[-12,-7]],[[12636,10162],[-10,68],[-72,108],[-52,45],[-20,62],[-79,55],[-198,-44],[-75,6],[-107,-6],[-121,-29],[-64,14],[14,70],[19,65],[-15,55],[-15,40],[15,44],[13,48],[5,54],[-12,73],[-60,46],[-192,80],[-94,62],[-61,62],[-70,154]],[[11196,11850],[1,1],[24,31],[9,53],[13,41],[33,40],[42,30],[40,11],[-4,17],[11,41],[35,85],[32,45],[0,0]],[[11432,12245],[50,-15],[215,13],[73,-43],[63,-120],[78,-27],[68,-17],[65,-28],[107,-30],[57,-58],[-18,-81],[54,-52],[103,-29],[66,-42],[50,-43],[60,-10],[60,4],[54,-48],[41,-63],[68,-30],[54,-37],[6,-70],[24,-100],[-29,-108],[-73,-90],[9,-61],[81,-54],[97,-52],[87,-13],[64,-40],[114,-58],[75,-30]],[[15448,11849],[4,-1],[30,-5],[15,-21],[10,-9],[-11,-32],[-61,2],[-21,10],[-6,9],[-1,0],[-20,29],[15,-5],[39,20],[2,3],[3,0],[2,0]],[[14708,9730],[-17,0],[-175,24],[-291,153],[-60,-12],[-37,-83],[-77,-63],[-103,1],[-130,43],[-237,54],[-102,43],[-40,29]],[[13439,9919],[-91,65],[-77,0],[-76,-32],[-61,-8],[-59,35],[-69,36],[-77,15],[-23,51],[11,78],[-58,14]],[[13255,10813],[9,21],[62,23],[50,-9],[54,17],[36,54],[-49,172],[84,55],[48,12]],[[13549,11158],[91,22],[77,26],[60,45],[78,48],[105,45],[61,38],[-7,28],[-16,45],[-2,57],[30,69],[75,55],[60,32],[205,74],[212,111],[98,27],[79,50],[49,70],[51,57],[58,27],[56,17],[72,40],[25,53],[-39,49],[22,41],[176,32],[58,34],[132,62],[94,17],[52,-26],[12,-16],[0,0]],[[15573,12387],[-188,-82],[-87,-66],[-294,-316],[-47,-67],[-37,-93],[-23,-107],[-9,-106],[4,-103],[52,-215],[-3,-55],[-22,-55],[3,-112],[54,-87],[102,-56],[121,-19],[0,-25],[-52,5],[-48,-5],[-41,-12],[-29,-18],[41,-70],[22,-90],[-14,-79],[-94,-47],[-7,-34],[13,-42],[26,-37],[10,-39],[-40,-33],[-98,-50],[-111,-113],[-3,-43],[6,-98],[-18,-37],[-20,-31],[-13,-45],[-8,-89],[-9,-22],[-15,-19],[-9,-19],[17,-23],[3,-3]],[[14700,13012],[-5,-165],[3,-42],[58,-54],[-6,-34],[-40,-25],[-63,-21],[-81,9],[-166,61],[-47,30],[-58,48],[-45,48],[-27,48],[-45,52],[-9,39],[50,30],[113,44],[70,40],[0,0]],[[14402,13120],[22,-13],[12,-14],[26,-23],[61,-20],[177,-38]],[[12636,10162],[-59,-36],[-28,-78],[-77,-29],[-83,2],[-67,-42],[-72,-61],[-92,-45],[-183,-128],[-108,-40],[-139,-66],[-86,30],[-78,77],[-95,34],[-155,10],[-87,-45],[-14,-103],[-82,-39],[-191,-9],[-183,93],[-103,17],[-116,50],[-237,155],[-99,76],[-74,70],[-145,198]],[[9983,10253],[0,0],[114,112],[29,56],[14,92],[35,78],[92,145],[26,87],[24,37],[106,28],[30,29],[18,37],[22,34],[66,61],[72,47],[88,20],[113,-19],[-15,77],[43,51],[58,52],[29,80],[14,25],[56,25],[6,19]],[[14110,12345],[-66,-24],[-91,1],[-76,15],[-58,45],[-60,60],[-90,63],[-63,93],[25,103],[-19,86],[-91,77],[-59,58],[25,41],[28,33],[34,64],[56,55],[171,90],[47,34],[62,27],[61,-17],[32,-30],[-8,-50],[6,-48],[24,-45],[27,-49],[39,-139],[61,-48],[26,-61],[-26,-92],[3,-70],[72,-36],[59,-44],[-31,-59],[-120,-133]],[[14700,13012],[544,-116],[51,-28],[-26,-51],[-7,-41],[11,-72],[39,-120],[41,-56],[34,-14],[110,15],[56,-5],[67,-16],[58,-26],[32,-35],[-137,-60]],[[13549,11158],[-38,75],[-141,118],[-22,77],[-12,72],[49,52],[23,73],[-133,171],[-79,28],[-117,-6],[-81,40],[22,93],[-16,71],[-84,71],[-18,70],[18,80],[-4,86],[58,56],[206,53],[53,48],[15,59],[-8,56],[-80,103],[-67,31],[-64,13],[-50,40],[-75,42],[-98,42],[-67,64]],[[12739,12936],[0,0],[177,28],[75,26],[97,71],[29,13],[36,5],[47,1],[56,-16],[29,-37],[19,-38],[25,-21],[55,19],[-57,79],[-92,81],[-48,27],[14,37],[29,21],[30,13],[12,12],[33,72],[50,80],[103,83],[151,67],[174,35],[170,-17],[71,-47],[157,-195],[57,-104],[18,7],[43,10],[48,5],[35,-8],[-2,-12],[-17,-18],[-16,-25],[2,-30],[17,-17],[36,-23]],[[16018,14972],[-33,-20],[-6,41],[39,-21]],[[11432,12245],[140,197],[110,115],[113,84],[290,84],[68,37],[58,45],[71,34],[140,45],[317,50]],[[10172,8501],[1,-50],[-67,-21],[-20,-41],[9,-57],[-32,-63],[-25,-75],[-2,-80],[-18,-92],[-14,-187],[32,-88],[58,-47],[61,-20],[87,-39],[-14,-50],[-61,-21],[-40,-32],[-36,-22]],[[10091,7516],[-17,-10],[-188,33],[-92,-1],[-191,85],[-310,31],[-183,62],[-105,25],[-119,6],[-346,-37],[-119,61],[0,0]],[[8421,7771],[11,20],[26,99],[19,42],[111,95],[33,40],[42,108],[65,108],[91,225],[42,66],[48,42],[39,23],[34,15],[25,20],[9,41],[19,39],[81,56],[18,43],[10,140],[14,39],[42,36],[179,185]],[[9379,9253],[91,-27],[63,-48],[42,-89],[16,-106],[71,-76],[187,-48],[68,-50],[51,-70],[31,-55],[1,-56],[19,-47],[67,-10],[86,-50],[0,-20]],[[7848,