{"type":"Topology","transform":{"scale":[0.0021322033898305086,0.0014197743354369865],"translate":[73.4875,34.3323]},"arcs":[[[5374,6450],[21,0],[31,50],[46,-12],[10,-19],[62,8],[16,-31],[113,35]],[[5673,6481],[185,-89],[52,23],[36,-93],[103,-58],[47,-58],[77,-27],[72,4]],[[6245,6183],[118,-62],[47,23],[46,-12],[134,-89]],[[6590,6043],[-26,-38],[26,-8],[-10,-43],[149,-15],[31,-43],[5,-31],[139,-100],[-5,-50],[-31,-39],[-92,-58],[-16,-31],[41,-116],[78,-78],[31,-81],[61,-81],[0,-151],[-20,-19],[41,-31],[160,4],[36,-39],[82,8],[98,-51],[77,31],[52,-31],[108,8],[26,-19],[52,27],[41,-16],[25,-38],[78,-43],[190,0],[103,-42],[57,27],[93,0],[191,-24],[180,62]],[[8641,4894],[41,4],[119,-62],[165,-54],[123,4],[129,-93],[185,-23],[83,-62],[67,-4],[0,-81]],[[9553,4523],[0,-4],[-5,-27],[-397,-54],[-10,-174],[-67,-147],[-36,-240],[-36,-136],[-67,-139],[-98,-93],[0,-120],[25,-38],[6,-58],[-62,-4],[-191,-89],[-196,-47],[-67,-42],[-87,-31],[-119,-27],[-77,4],[-15,-51],[-62,-27],[-31,-46],[-129,7],[0,-54],[46,-7],[-25,-51],[46,-81],[36,4],[21,54],[61,4],[-25,-244],[5,-166],[149,-93],[11,-23],[-6,-23],[31,-39],[62,-4],[31,-112],[26,-31],[5,-51],[36,-38],[10,-97],[-51,8],[-26,-31],[-41,-12],[-5,-23],[-83,-8],[-62,-89],[16,-50],[-21,-39],[16,-58],[129,-35],[10,-69],[-10,-78],[25,-23],[-10,-35],[21,-23],[10,-77],[-67,4],[-26,-54],[-36,-8],[-87,81],[-191,15],[-57,39],[0,23],[-62,24],[5,-66],[-36,-39],[6,-42],[-73,3],[-134,55],[-128,100],[-47,-27],[-41,39],[-36,4],[-21,34],[-36,-3],[-36,-35],[-67,54],[-20,46],[-47,0],[-15,20],[-98,-8],[-46,-27],[-78,0],[-10,-19],[-180,-43],[-21,12],[-5,38],[-47,8],[-51,-43],[-52,-11],[-25,-35],[-67,0],[-47,-23],[-20,23],[-42,0],[-72,-54],[-36,4],[-15,-20],[-26,16],[-41,-39],[-52,-8],[-87,-212],[-57,-54],[-124,-20],[-46,-73],[-36,42],[-113,54],[-57,-27],[-62,0],[-41,-34]],[[5364,960],[-31,286],[-77,27],[-26,62],[-113,54],[-26,170],[-21,47],[-62,58],[-46,7],[-31,43],[-41,0],[-36,31],[10,42],[-15,86],[15,54],[5,120],[57,162],[-5,217],[-41,220],[-57,74],[-129,93],[-36,73],[5,743]],[[4663,3629],[268,364],[26,228],[10,317],[5,225],[-20,46],[-11,197],[-56,101],[-5,35],[41,201],[-41,205],[0,39],[30,8],[6,27],[-21,58],[10,93],[-103,11],[-26,-27],[-97,-27],[-47,23],[-26,47],[-51,11],[-52,-19],[-61,50],[-52,-42],[-10,7],[5,28],[-16,23],[-36,-35],[-41,0]],[[4292,5823],[-21,85],[-56,62],[0,31],[20,12],[6,23],[56,-16],[5,39],[26,11],[36,-11],[21,31],[129,11],[185,47],[26,23],[36,-8],[57,47],[62,-16],[36,24],[20,-16],[129,27],[31,-8],[31,-42],[10,42],[98,8],[-57,85],[72,62],[-25,39],[10,35],[119,-47],[20,47]],[[2942,3734],[196,-116],[1525,11]],[[5364,960],[-47,-43],[-175,-58],[11,-23],[-11,-27],[-129,-86],[-82,43],[-41,-8],[-21,-31],[-87,0],[-26,-19],[-41,4],[-26,39],[-175,3],[-26,47],[-26,8],[-15,127],[-57,12],[-26,8],[-31,-35],[-51,39],[-93,11],[-10,-35],[-31,-4],[10,-27],[-15,-46],[-129,-77],[0,-51],[-16,-31],[-41,-4],[0,-31],[-31,-11],[-36,8],[-51,-27],[-67,19],[-47,69],[-98,-27],[-56,58],[-26,-3],[0,-51],[-15,-11],[-73,23],[-77,-4],[-15,43],[-26,7],[-41,-11],[-42,15],[-51,-19],[-21,-62],[36,-58],[-5,-31],[-51,12],[-42,-70],[-51,-47],[10,-42],[-20,-12],[-6,-62],[-51,-3],[-5,-28],[15,-27],[5,-46],[-25,-27],[10,-31],[-31,-93],[-77,-31],[-57,16],[-134,-43],[-41,19],[-46,-19],[-21,-58],[-31,39],[-31,-20],[-21,39],[-46,23],[5,27],[-20,23],[-42,12],[-25,-23],[-11,46],[-31,4],[-20,-23],[-10,39],[-67,19],[0,50],[-37,27],[21,101],[-31,43],[10,23],[-41,42],[11,39],[-31,12],[-5,50],[-26,43],[5,85],[51,89],[-87,7],[-11,-19],[-46,43]],[[2030,840],[-15,19],[31,54],[-11,27],[11,20],[-11,19],[26,73],[-10,51],[20,11],[11,27],[-83,58],[-5,43],[46,58],[31,8],[-41,73],[-41,-8],[-46,43],[-31,81],[-78,39],[119,112],[-72,97],[10,89],[36,4],[21,42],[10,78],[-15,42],[0,54],[-21,31],[36,109],[0,93],[36,38],[5,31],[119,194],[232,329],[355,266],[62,24],[82,-35],[21,58],[72,542]],[[8306,6454],[-5,15],[62,46],[56,4],[52,35],[-67,43],[72,23],[10,19],[-31,85],[-87,97],[15,178],[-20,81],[20,58],[0,62],[26,54],[-5,74],[77,89],[5,39],[-25,85],[5,35]],[[8466,7576],[77,-16],[165,12],[77,-43],[119,-11],[190,30],[52,-30],[77,3],[155,-31],[108,-50],[10,-23],[222,-135],[56,-66],[11,-39],[56,-12],[62,-38],[52,-74],[108,-38],[26,-28],[190,31],[11,-11],[-26,-35],[-21,-139],[93,-20],[155,-414],[10,-100],[227,-263],[10,-109],[-10,-27],[-119,-73],[-46,-101],[-5,-19],[25,-8],[-5,-62],[83,-46],[-67,-85],[25,-66],[6,-39],[-42,-46],[-92,-58],[-134,-39],[-88,-89],[-15,-58],[-62,139],[-103,-54],[-78,-104],[-92,-20],[-160,-147],[-108,-139],[-83,-139],[5,-66],[-20,-58]],[[8641,4894],[0,39],[0,39],[-62,96],[21,43],[10,101],[-26,104],[-41,120],[-36,15],[5,43],[-57,43],[-15,38],[-10,170],[-21,105],[15,77],[-15,147],[-21,97],[-36,93],[-10,73],[-15,12],[0,27],[-31,54],[10,24]],[[2298,4979],[82,55],[37,-4],[31,54],[46,8],[72,62],[119,54],[51,58],[62,27],[41,-8],[46,39],[67,8],[37,85],[144,11],[10,23],[-26,62],[11,-11],[5,46],[56,16],[-10,54],[10,8]],[[3189,5626],[73,-12],[56,43],[114,-16],[92,23],[21,-58],[57,-23],[-5,39],[25,23],[57,4],[15,-16],[140,43],[30,-19],[26,34],[31,-23],[10,19],[119,20],[46,42],[57,-4],[26,47],[92,-8],[21,39]],[[2942,3734],[21,185],[26,20],[-6,127],[-5,20],[-118,50],[-155,35],[-118,-20],[-52,24],[-134,-93],[-41,-54],[-72,-27]],[[2288,4001],[-26,38],[-108,0],[-26,23],[31,117],[26,42],[5,47],[20,19],[150,93],[36,93],[-16,38],[11,24],[103,50],[26,38],[5,70],[-26,8],[-51,131],[-150,147]],[[3967,4345],[-51,116],[-46,50],[36,54],[31,89],[-11,4],[-226,-96],[-57,3],[-36,-46],[-31,-12],[-124,-19],[-72,12],[-41,-47],[0,-66],[31,8],[10,-35],[57,-31],[-16,-15],[-46,43],[-36,-58],[20,-43],[57,-8],[72,51],[83,-39],[103,35],[232,19],[61,31]],[[8059,7858],[-78,-46],[-103,-178],[-25,-70],[0,-46],[-1046,-4]],[[6807,7514],[-315,0]],[[6492,7514],[0,232]],[[6492,7746],[5,472],[-144,352],[77,147],[6,85],[-78,93],[0,112],[-216,-50],[-41,27],[-57,0],[-134,-43],[-57,35],[-201,-15]],[[5652,8961],[11,46],[56,70],[6,42],[-6,109],[-36,54],[-36,371],[16,78],[46,65],[16,66],[46,62],[201,8],[41,42],[46,-7],[83,38],[26,58],[61,70],[-5,54],[31,27],[-41,62],[5,62],[41,27],[26,58],[108,16],[150,-58],[26,11],[10,39],[98,27],[46,-12],[21,-31],[-16,-54],[26,-38],[-10,-24],[-52,-15],[-10,-43],[21,0],[25,-54],[119,-54],[-31,-46],[5,-12],[-36,-27],[5,-16],[180,-77],[42,-54],[31,11],[15,-27],[16,0],[15,-27],[-15,-31],[10,-38],[20,-31],[36,-8],[52,-50],[46,0],[72,-82],[73,-7],[67,46],[92,-8],[42,-89],[31,-3],[25,-51],[83,4],[0,27],[46,8],[16,-16],[-11,-50],[31,-42],[114,-51],[-11,-23],[57,-93],[0,-66],[26,-15],[-21,-39],[129,-232],[46,-4],[31,-35],[16,-46],[-6,-39],[47,-65],[-10,-93],[25,-24],[-46,-131],[-41,-43],[56,-131],[6,-62],[-145,-217],[-20,-170]],[[629,2778],[46,0],[26,-23],[51,23],[41,-50],[42,0],[62,-70],[0,-128],[56,0],[67,-34],[52,15],[5,27],[41,-8],[5,-27],[-41,-96],[5,-70],[67,58],[36,0],[78,50],[51,-50],[10,58],[31,8],[0,31],[52,-4],[-10,38],[30,97],[0,47],[31,65],[0,151],[-67,51],[-51,0],[20,23],[0,50],[-46,16],[-72,-12],[0,31],[-82,73],[-31,82],[-62,46],[0,12],[72,54],[10,-23],[77,15],[6,31],[-36,81],[20,-7],[31,42],[-134,23],[-15,-54],[-31,0],[-31,-46],[31,-20],[-5,-61],[-47,-39],[-51,19],[15,81],[47,124],[30,23],[-36,-3],[-46,-55],[-26,12],[-31,-50],[-46,-23],[-26,201],[5,27],[26,19],[-5,105],[46,34],[83,-11],[41,-50],[124,-4],[0,15],[108,8],[113,-31],[62,15],[129,163],[299,31],[15,35],[129,46],[134,-11],[129,27]],[[2030,840],[-46,-43],[-72,15],[-62,-15],[-57,58],[-57,-15],[-61,54],[-52,-4],[-41,50],[-46,-4],[-31,58],[-47,20],[-15,27],[15,62],[-10,19],[-108,-66],[-88,-4],[0,66],[-31,70],[-36,-4],[-36,39],[0,42],[31,27],[5,43],[21,0],[-31,77],[20,47],[-5,27],[-46,89],[10,23],[-36,46],[-93,70],[-56,4],[-11,-35],[-36,4],[-15,35],[0,69],[-16,20],[6,38],[-78,4],[-46,43],[-98,-31],[0,-31],[-10,0],[-31,77],[-41,-15],[-31,46],[-52,-42],[-31,31],[-20,46],[20,74],[36,-4],[21,19],[15,-19],[42,35],[30,-51],[31,4],[26,47],[88,27],[-5,27],[15,27],[-26,97],[-31,-28],[-72,74],[0,81],[67,47],[-41,23],[0,139],[-31,19],[16,47],[-31,116]],[[2865,3935],[-5,58],[-52,89],[-170,-39],[-72,-89],[26,-54],[-36,-39],[46,-11],[-67,