{"type":"Topology","transform":{"scale":[0.0014504342344866228,0.0011675957343674258],"translate":[78.3984,26.8506]},"arcs":[[[5287,7716],[121,249],[84,14],[53,52],[53,-24],[15,24],[106,14],[53,47],[60,0],[23,-33],[83,33],[84,-5],[45,52],[68,5],[91,56],[61,-9],[30,-66],[114,42],[136,5],[53,33],[91,0],[76,33],[159,14],[15,-28],[61,4],[22,-56],[106,-71],[46,43],[60,4],[31,-42],[53,-5],[53,-47],[83,24],[197,-122],[121,-38],[-129,-61],[-68,9],[8,-103],[98,-47],[152,-5],[-46,-169],[31,-62],[-38,-4],[-8,-33],[30,-43],[-37,-61],[-129,-42],[7,-89],[-45,-33],[53,-80],[45,-24],[-22,-141],[22,-42],[137,23],[53,-89],[-38,-57],[-53,-14],[-8,-61],[46,-28],[-8,-47],[23,-33],[-8,-113],[46,-66],[-23,-23],[-7,-109],[-84,-37],[-38,-66],[23,-75],[76,-80],[38,-5],[53,-47],[-15,-57],[75,-47],[-15,-80],[23,-42],[38,-9],[15,-62],[98,-33],[76,-89],[83,-23],[144,-132],[273,-24],[91,52],[106,-56],[76,28],[75,-90],[220,-108],[38,-75],[121,52],[46,-14],[22,-19],[-22,-33],[0,-43],[37,-23],[137,28],[136,-33],[38,33],[121,-56],[99,37],[30,-94],[121,29],[91,-109],[61,14],[45,-65],[91,84],[38,0],[76,-23],[38,-61],[53,4],[45,-28],[45,14],[38,-28],[38,70],[68,-9],[53,28],[15,57],[38,-28],[8,28],[45,-5],[69,61],[83,-84]],[[11271,4898],[-30,-52],[-46,-28],[61,-123],[-8,-56],[-45,-28],[-15,-47],[0,-57],[22,-61],[-15,-33],[15,-56],[-22,-57],[15,-38],[75,-37],[8,-61],[-61,-29],[0,-33],[38,0],[23,-65],[83,-29],[8,-47],[-23,-56],[68,-38],[16,-47],[-8,-89],[30,-33],[-128,-47],[-16,-38],[-38,14],[-30,57],[0,61],[38,99],[-23,14],[-83,-33],[-30,52],[22,28],[-15,23],[-83,-80],[-46,5],[-15,-42],[-53,-14],[-7,-61],[-46,-76],[84,-174],[-16,-61],[-196,19],[-69,-28],[-53,51],[-113,29],[-61,-52],[53,-19],[15,-42],[-15,-38],[68,-47],[0,-28],[167,-80],[8,-47],[83,-28]],[[10862,3115],[-30,-19],[0,-66],[-61,-24],[-23,-51],[-75,28],[-76,-47],[-137,4],[-90,29],[-23,37],[7,52],[-113,71],[-84,-85],[-30,71],[-38,14],[0,61],[-98,28],[-8,-61],[-60,-14],[-15,-28],[15,-43],[-31,-61],[0,-33],[-38,5],[0,-38],[-45,19],[-8,-75]],[[9801,2889],[-151,37],[-38,-14],[-76,57],[-45,-90],[-53,5],[-83,-33],[-38,89],[-38,0],[-8,99],[-30,24],[23,61],[45,19],[-8,47],[-98,75],[-8,47],[-136,-61],[-76,47],[8,47],[-38,75],[-23,170],[-53,4],[-30,-33],[-68,38],[-15,-38],[30,-51],[-53,-52],[-53,38],[-38,65],[-23,10],[-22,-24],[-53,29],[-53,-57],[-91,-339],[45,-84],[-68,-52],[-68,-19],[-38,-42],[-8,-43],[-98,-4],[-15,-76],[-76,-141],[-23,-9],[0,-47],[-38,-19],[-90,33]],[[7931,2677],[-23,56],[-30,15],[0,61],[-31,37],[-45,-14],[-23,57],[-38,-14],[-30,28],[-23,-19],[-60,33],[-53,-28],[-46,42],[-53,-14],[-38,38],[-53,-38],[-68,0],[-45,-52],[-53,28],[-16,-28],[-136,24],[-83,-146],[-38,19],[7,80],[-45,66],[-76,14],[-30,-38],[-46,5],[-7,33],[-46,9],[-30,89],[-113,-9],[-31,24],[-91,-52],[-91,37],[-22,-9],[-31,19],[0,70],[-37,66],[-61,10],[-15,-24],[-121,19],[-16,132],[-45,66],[23,61],[-31,66],[-37,-29],[-23,-80],[-76,-56],[-7,23],[45,57],[15,70],[-38,15],[-68,-33],[-53,-52],[46,-108],[-23,-24],[30,-23],[53,0],[-15,-52],[45,9],[0,-80],[-45,47],[-83,-37],[-23,23],[-23,-14],[23,-66],[-38,10],[-68,-43],[-23,57],[-60,-10],[0,76],[-16,23],[16,19],[-23,24],[7,56],[-60,85],[-15,122],[-76,52]],[[5378,3557],[0,47],[-38,127],[-114,5],[-257,127],[-38,112],[-53,10],[-30,66],[-31,9],[-22,-28],[-46,66],[-45,33],[-46,-14],[-15,145],[23,38],[0,71],[-76,113],[83,131],[31,160],[38,61],[30,5],[53,75],[76,-4],[166,89],[106,9],[46,62],[76,33],[22,42],[-30,33],[8,75],[30,33],[-8,28],[46,80],[-99,5],[0,75],[144,66],[15,66],[46,19],[-46,61],[-7,118],[-31,0],[-22,37],[68,151],[-8,47],[-30,47],[8,33],[-23,28],[0,85],[-46,80],[23,155],[-68,61],[-83,42],[0,33],[75,76],[-7,80],[60,108],[-7,66],[76,179],[-31,131],[38,52],[31,0],[-23,75],[7,47],[23,14],[-7,57],[15,23],[-15,43],[-129,103],[-23,57]],[[5378,3557],[-8,-5],[-38,-28],[-30,84],[-121,15],[-91,-57],[-15,-70],[45,-95],[-22,-75],[30,-56],[-61,14],[-30,-38],[106,-75],[30,-42],[-15,-99],[46,-47],[-61,19],[-30,-71],[-30,-5],[60,-103],[-7,-28],[-46,28],[8,-108],[-84,-43],[16,-56],[-91,-19],[-38,-52],[-46,28],[-30,-51],[0,-61],[-45,-33],[-61,23],[-53,-19],[-197,203],[-8,42],[-83,14],[0,141],[-38,85],[-45,23],[-38,104],[-68,-5],[-15,47],[30,80],[-15,43],[15,28],[23,-5],[15,99],[151,160],[-53,42],[-7,57],[-46,33],[-15,164],[-68,47],[-91,-9],[-98,42],[-8,38],[91,33],[38,37],[91,-4],[53,108],[45,28],[-136,43],[-23,65],[-30,29],[-31,-29],[23,-117],[-38,14],[-15,-33],[-7,33],[-53,19],[-38,-10],[-15,-37],[-76,18],[-38,-42],[-159,-23],[-46,33],[-144,-15],[-53,19],[-68,104],[-22,-19],[0,-47],[-31,-5],[-30,38],[-91,-52],[-68,19],[-30,-14],[53,-52],[-99,19],[-15,-19],[15,-38],[83,-42],[-7,-56],[30,-132],[-15,-61],[-98,-29],[-23,-84],[7,-38],[61,-75],[38,5],[60,-99],[76,-10],[23,-80],[-68,-169],[-46,24],[-38,-5],[-22,42],[22,47],[-90,43],[-38,89],[-38,-9],[-53,-43],[7,-103],[-30,-76],[45,-122],[-53,-23],[-83,56],[-30,-61],[-15,42],[-61,28],[-30,-28],[-8,-80],[-83,-89]],[[2583,2870],[-30,28],[7,94],[-22,10],[-61,-33],[-23,33],[-136,28],[-83,47],[-16,-28],[-38,9],[-7,-47],[-99,42],[-7,-174],[-53,-56],[-30,5],[7,-62],[-30,-42],[7,-9],[-68,-10],[-45,33],[15,33],[-53,137],[-136,56],[-159,136],[-38,-23],[-91,66],[-46,0],[-30,37],[-68,19],[-53,-28],[-61,33],[-23,61],[-30,19],[-7,75],[-46,28],[15,24],[-60,19],[-53,75],[-53,33],[-38,-38],[-30,5],[-54,75],[-53,5],[0,28],[-75,-47],[7,-47],[-45,-9],[-46,51],[-60,-14],[-61,43],[-30,51],[7,62],[-75,112],[-61,5],[-15,43],[23,75],[-46,52],[84,94],[-31,51],[-30,-4],[-76,136],[61,42],[23,57],[-114,61],[-68,104],[-38,-5],[-15,61],[38,42],[15,47],[-38,66],[15,38],[-53,85],[15,28],[114,61],[30,-5],[76,66],[30,-89],[-15,-28],[15,-80],[129,-123],[30,38],[61,-5],[23,90],[98,61],[15,146],[-15,51],[-38,19],[15,132],[-60,66],[0,127],[-61,42],[-30,75],[-129,90],[-68,117],[15,47],[-53,47],[61,57],[-8,146],[-23,14],[15,66],[-60,33],[0,33],[136,75],[38,-9],[45,136],[38,9],[23,80],[61,33],[60,-28],[23,19],[356,33],[30,33],[38,89],[-15,42],[38,38],[0,42],[-30,33],[7,33],[68,14],[15,66],[31,24],[-15,52],[113,89],[-15,9],[23,38],[91,-9],[7,37],[-60,66],[15,47],[15,33],[76,24],[159,-15],[38,-51],[106,4],[106,-28],[22,14],[0,57],[38,9],[76,-66],[159,24],[68,-90],[99,-14],[159,33],[23,47],[45,0],[23,29],[0,70],[98,42],[53,52],[31,-9],[30,66],[-15,33],[45,0],[8,33],[38,18],[98,-18],[91,-48],[38,43],[113,-10],[31,-164],[38,-14],[45,-62],[91,15],[76,-29],[91,14],[45,-42],[53,-5],[159,19],[30,38],[61,9],[45,-9],[23,-38],[31,14],[22,-18],[190,103],[15,28],[-15,19],[7,14],[258,75],[128,90],[91,0],[76,33],[152,-61],[60,-62],[76,90],[197,38],[68,61]],[[7931,2677],[-38,-9],[-8,-47],[8,-95],[30,-51],[-23,-38],[-38,-14],[8,-28],[-38,-57],[38,-56],[-30,-19],[15,-61],[98,-71],[144,10],[144,-38]],[[8241,2103],[-38,-85],[-38,-42],[8,-89],[-38,-66],[-15,-43],[30,-113],[-30,-23],[0,-47],[-76,-66],[38,-56],[8,-62],[-31,-28],[0,-66],[31,-14],[0,-33],[68,5],[-31,-155]],[[8127,1120],[-30,28],[-23,-33],[-45,-14],[-38,42],[-53,-5],[-83,52],[-8,-42],[-129,-33],[-90,-104],[-46,-122],[-106,-75],[-15,-66],[-61,-89],[23,-43],[-38,-37],[-7,-52],[45,-42],[8,-47],[-76,-109],[-53,-19],[-53,48],[7,47],[-60,51],[-38,71],[-8,75],[53,90],[23,192],[-23,33],[-15,80],[-121,80],[-61,-23],[-15,-43],[-38,5],[-45,-52],[-53,5],[-53,-38],[-91,10],[8,-57],[-23,-14],[-53,33],[-114,0],[-22,38],[-76,-127],[-46,28],[-38,-14],[-22,38],[-84,-38],[-30,9],[15,24],[-45,-28],[-61,18],[-30,-28],[-83,24],[-46,89],[-68,10],[-53,56],[-76,9],[-30,62],[-61,-29],[-38,33],[-37,-131],[-69,-43],[-83,57],[-45,4],[-31,165],[-68,-80],[30,-122],[-53,-28],[-37,9],[-23,19],[7,42],[-53,57],[0,47],[-45,65],[-53,43],[-30,127],[-76,-108],[-15,42],[-53,24],[-61,-5],[-23,-43],[-189,57],[-8,94],[61,71],[8,75],[-53,52],[-46,-10],[-53,-70],[-83,-14],[-91,42],[-61,89],[-121,19],[-45,94],[-114,33],[15,113],[-45,28],[7,52],[-22,52],[22,52],[-53,0],[-15,42],[-129,28],[-68,-19],[-15,-47],[-53,-4],[-53,-71],[-38,14],[-91,108],[-22,99],[-31,14],[-22,52],[-46,5],[-15,33],[23,23],[-99,47],[-45,-9],[-31,37],[-53,10],[-15,33],[-53,-19],[-68,42],[-7,29],[-38,-5],[22,61],[-15,19],[-53,-14],[8,28],[-53,70],[-38,-4],