{"type":"Topology","transform":{"scale":[0.00044460560479899733,0.00038585858585858603],"translate":[118.02610000000001,27.0154]},"arcs":[[[1507,3360],[0,28],[74,43],[25,57],[0,28],[50,86],[-25,28],[-74,-14],[24,100],[0,128],[50,71],[49,-29],[25,29],[74,57],[74,-14],[25,-57],[50,14],[74,100],[-25,28],[0,43],[49,128],[50,14],[25,-14],[98,142],[74,43],[50,57],[49,14],[25,-14],[25,14],[74,-14],[74,28],[49,57],[124,-14],[49,57],[25,57],[49,0],[25,14],[25,-28]],[[2916,4627],[25,0],[-25,-57],[25,-43],[24,-14],[74,71],[25,0],[74,-85],[99,28],[25,-43],[-25,-14],[0,-85],[-25,-157],[25,-28],[50,0],[0,-29],[49,-28],[-25,-86],[0,-71],[25,14],[49,0],[25,-71],[49,0],[25,-28],[124,14],[24,43],[50,0],[25,-29],[74,0],[24,86],[50,42],[0,29],[49,-15],[25,43],[-49,57],[0,29],[24,14],[50,-29],[49,57],[25,86],[74,71],[49,14],[0,57],[50,29],[49,85],[0,29],[99,-29],[50,29],[123,-100],[124,85],[0,-42],[74,-29],[24,14],[25,43],[50,-28],[24,28],[50,0],[24,29],[-24,28],[0,14],[99,128],[24,15],[25,85],[-25,85],[25,43],[49,-43],[50,15],[-25,-29],[25,-100],[25,-42],[49,-43],[25,-43],[74,-28],[25,71],[24,-14],[25,0],[0,-43]],[[5387,4712],[0,-14],[-25,-100],[-49,-14],[-50,-57],[25,-43],[-49,-42],[0,-57],[-74,-29],[0,-71],[24,-14],[-24,-15],[74,-42],[24,-43],[0,-57],[25,-14],[0,-43],[-25,-28],[0,28],[-74,-14],[-24,-57],[-25,0],[-50,-57],[25,-57],[74,-28],[99,0],[25,-71]],[[5313,3773],[-25,-43],[0,-14],[0,-57],[0,-29],[-74,43],[0,-57],[-25,-14],[25,-57],[0,-29],[25,0],[24,-42],[-24,-57],[123,-86],[25,-71],[0,-57],[49,-28],[-24,-29],[-25,-57],[25,-57],[-25,-43],[0,-42],[-74,-14],[25,-43],[24,-43],[-99,-85],[25,-57],[-74,-29],[0,-57],[-25,-85],[50,-28],[-50,-43],[-24,28],[-75,0],[-49,-57],[-49,15],[0,-72],[-99,15],[-74,57],[24,28],[-148,43],[-25,-14],[25,-43],[-99,0],[0,-14],[0,-43],[-74,14],[-25,-28],[-148,0],[25,85],[-25,14],[-99,-28],[0,-43],[-49,14],[-50,43],[0,-14],[0,-43],[-98,29],[24,-72],[0,-56],[-74,28],[-49,-28],[24,-57],[-24,-72],[0,-128],[0,-43],[-25,0],[0,29],[-49,-29],[-25,-57],[0,-56],[-25,-15],[-74,29],[-25,-29],[-24,-42],[-50,-29],[0,-71],[-49,-57]],[[3608,1694],[-50,14],[-24,-28],[-50,14],[-25,-28],[-24,28],[-74,-28],[0,-15],[-50,15],[0,-57],[0,-57],[-24,-43],[-50,-185],[-74,-43],[-25,57],[-99,14],[-74,-56],[0,-15],[0,-42],[-24,-43],[-124,-57],[0,-57],[-74,-43],[-124,14],[-24,15],[-75,0],[-49,28],[25,71],[-25,43],[-99,-43],[0,15],[-25,-15],[-49,29],[-74,43],[-49,0],[-25,-43],[-49,0],[0,-43],[0,-28],[-50,42],[-74,-14],[-25,43],[-24,14],[0,57],[-25,29],[-25,0],[0,14],[50,28],[24,0],[50,114],[-25,43],[25,57],[-25,28],[0,43],[-74,114],[0,42],[49,29],[-49,57],[-25,85],[-25,114],[-49,85],[25,58],[-50,128],[-24,0],[0,28],[-124,43],[-50,57],[0,114],[0,57],[-24,42],[0,57],[49,57],[50,0],[24,43],[25,0],[50,28],[0,100],[-25,28],[-25,15],[-49,-29],[0,14],[24,57],[75,43],[24,43],[-49,43],[-99,28],[-25,71],[-25,0],[0,57],[-24,29],[-50,0]],[[717,6378],[24,0],[50,85],[123,-14],[25,29],[50,-29],[74,43],[0,142],[74,43],[98,114],[99,42],[74,-14],[75,114],[24,43],[50,0],[74,99],[0,43],[-25,57],[0,57],[0,28],[50,15],[-25,28],[0,29],[74,0],[124,128],[0,114],[49,0],[25,28],[49,-28],[0,114],[0,71],[25,42],[-25,43],[0,29],[-49,42],[0,86],[0,28],[25,14],[24,72],[-99,14],[0,14],[173,114],[0,28],[-49,15],[-25,71],[-24,14],[0,14],[-25,86],[25,71],[74,43],[74,71],[25,-29],[49,0],[25,-42],[148,-72],[74,43],[74,-43],[173,-42],[0,28],[49,0],[25,-28],[25,71],[0,28],[0,29],[74,14],[49,43],[50,28],[74,-42],[49,0],[50,42]],[[3089,8698],[74,29],[49,57],[75,14],[49,-14],[49,14],[0,28],[50,43],[24,14],[25,-42],[50,-15],[98,43],[0,-14],[-24,-29],[0,-56],[24,-15],[50,15],[99,85],[-25,85],[25,57],[0,71],[-25,114],[25,15],[49,-29],[99,0],[-25,-100],[173,-42],[25,0],[49,-57],[25,0],[-25,-43],[50,-14],[74,14],[0,-28],[49,-15],[25,-28],[50,43],[148,-57],[49,0],[0,57],[-25,57],[25,57],[25,14],[49,0],[0,-29],[25,-28],[74,14],[0,-28],[25,-15],[25,15],[24,71],[25,14],[25,28],[0,-14],[173,-14],[49,43]],[[5115,9083],[50,0],[24,-128],[25,0],[0,-15],[0,-85],[-74,-100],[74,-71],[124,43],[0,-29],[-25,-71],[49,-57],[124,171],[395,29],[49,-29],[99,-214],[25,-57]],[[6054,8470],[-99,-128],[-74,-42],[-74,-171],[-99,-14],[-49,28],[-74,0],[-25,29],[-74,0],[0,-43],[-25,-14],[-25,-29],[-24,-14],[-50,43],[0,-29],[-24,0],[-25,57],[-74,-14],[0,-29],[-25,0],[-49,-42],[-25,28],[-50,-85],[25,-15],[25,29],[49,-29],[0,-99],[-24,-29],[24,-28],[25,0],[25,-57],[24,-100],[-49,-14],[-49,-99],[-25,-15],[-50,29],[-24,-43],[-25,14],[-25,43],[-24,-14],[-50,14],[-25,-14],[-49,-57],[-99,-29],[0,-85],[-74,-71],[-49,-72],[-25,29],[-99,-14],[-25,-29],[25,-57],[-25,-43],[-49,-42],[-25,0],[-49,28],[-99,-57],[-74,43],[0,-14],[25,-29],[0,-42],[24,-29],[0,-43],[50,-14],[-25,14],[25,15],[74,-29],[0,-57]],[[4374,6890],[-173,-28],[-99,14],[-25,29],[-99,-57],[-49,-86],[25,-42],[-50,-29],[0,-100],[-74,-42],[25,-71],[-50,-29],[0,-29],[-24,-57],[24,-56],[-24,-43],[-25,14],[-25,-43],[-24,-14],[0,29],[-75,14],[-24,-29],[-50,-85],[25,-29],[0,-28],[-74,28],[-74,-28],[-50,14],[0,-14],[-49,-71],[-49,-14],[-25,0],[-50,85],[0,57],[-24,85],[-25,0],[0,-42],[-49,-15],[-50,86],[-49,-43],[-50,-14],[-49,-29],[49,-42],[-24,-71],[24,-57],[0,-29],[-49,-43],[25,-28],[-25,-43],[-74,0],[-25,-42],[-49,-43]],[[2768,5780],[-50,43],[-25,57],[-49,14],[0,-43],[-25,-43],[50,-28],[0,-57],[-50,14],[0,-28],[0,-29],[-99,57],[-49,-14],[0,28],[-49,-14],[-50,0],[-173,-43],[-49,43],[0,71],[-74,57],[25,43],[-75,43],[-74,57],[-24,-29],[-25,0],[-99,-114],[-25,0],[-99,-71],[-24,0],[0,-85],[-50,-15],[-49,-56],[-74,28],[-124,-28],[0,56],[-25,15],[-24,42],[24,43],[-24,43],[0,28],[74,-42],[0,14],[-99,156],[-173,43],[0,43],[-74,14],[-49,-14],[-99,71],[0,28],[-25,15],[0,42],[-49,0],[-50,72],[-25,14],[-24,57]],[[5313,3773],[25,0],[24,14],[25,42],[25,171],[49,71],[50,0],[49,-28],[0,-43],[99,-42],[24,28],[74,-57],[75,0],[24,14],[0,57],[50,0],[0,15],[-25,42],[124,14],[24,43],[74,14],[124,-42],[0,-43],[74,-28],[25,-72],[0,-42],[49,-15],[0,-42],[75,-43],[74,57],[24,0],[124,-71],[173,14],[24,0],[25,114],[25,28],[123,-57],[75,-99],[49,-43],[0,-28],[25,-57],[74,-43],[-25,-71],[-74,-29],[0,-57],[0,-113],[-74,-57],[-74,-43],[-25,-271],[-99,-199],[99,-199],[321,57],[149,-43],[74,-43]],[[7537,2548],[-198,-14],[-99,-157],[0,-142],[25,-114],[-25,-57],[-25,-313],[0,-57],[25,-142],[-49,-71],[-99,-86],[-25,-57],[-25,-71],[75,-114],[-25,-85],[-173,-157],[-173,-57],[-618,57],[-74,-14],[-49,-43],[-25,-43],[-25,-227],[25,-242],[470,-57],[74,-29],[49,-28],[25,-100],[-50,-57],[-74,-57],[-99,-14],[-321,57],[-297,199],[-246,57],[-99,86],[-25,57],[-25,71],[0,28],[-24,43],[74,28],[0,15],[-50,28],[-74,142],[-49,43],[0,29],[-25,14],[25,71],[-25,28],[-49,0],[0,15],[-25,-29],[-50,0],[-24,-14],[-50,114],[-74,-29],[-49,15],[-50,-29],[-49,29],[-50,-15],[0,-71],[-74,0],[-24,-43],[-99,-99],[-50,14],[-49,85],[-25,0],[-49,-28],[-25,-28],[-49,-43],[24,-57],[-98,0],[-50,-14],[0,-29],[-74,57],[-25,-28],[0,-29],[-49,-14],[-50,43],[-24,-29],[-25,14],[0,57],[0,-14],[25,14],[-25,15],[0,28],[-49,14],[-25,29],[25,42],[-50,57],[-25,15],[-24,57],[-50,14],[0,14],[25,14],[25,43],[0,143],[-50,71],[-49,-29],[0,14],[25,100],[-99,29],[0,85],[24,14],[25,43],[-25,14],[0,29],[-24,28]],[[6425,8385],[222,128],[272,242],[123,86],[50,28],[173,29],[99,-15],[99,-57],[395,-427]],[[7858,8399],[346,-242],[123,-156],[50,-100],[74,-100],[0,-71],[198,-128],[173,43],[98,-29],[124,-99],[148,28],[173,-28],[-197,-214],[-223,-199],[-123,-14],[-25,-86],[148,-128],[0,-28],[124,-72],[148,-156],[124,-57]],[[9341,6563],[-50,-43],[0,-42],[25,-86],[25,-14],[173,28],[49,-57],[0,-42],[-49,-57],[-99,-897],[0,-128],[24,-157],[25,-71],[148,-100],[25,-85],[-25,-43],[-123,-43],[-519,43],[-99,-14]],[[8871,4755],[-420,384],[-74,257],[-99,71],[-74,14],[-198,100],[-49,0],[-74,-86],[-75,0],[-123,57],[-74,-14],[-25,14],[0,71],[-49,15],[-99,-185],[-50,-29],[-24,14],[-25,-28],[-49,14],[-25,29],[25,99],[-25,0],[-50,100],[-24,28],[-124,0],[25,43],[-50,43],[25,42],[25,0],[0,57],[49,128]],[[7141,5993],[-24,29],[98,71],[0,114],[-49,14],[0,57],[25,29],[-25,28],[49,143],[-24,42],[-173,29],[-25,28],[-49,0],[-25,